,index,Review,Rating
0,0,‡∏™‡∏∞‡∏≠‡∏≤‡∏î ‡∏≠‡∏≤‡∏´‡∏≤‡∏£‡πÄ‡∏ä‡πâ‡∏≤‡∏î‡∏µ ‡∏ö‡∏£‡∏¥‡∏Å‡∏≤‡∏£‡∏î‡∏µ ‡∏£‡∏≤‡∏Ñ‡∏≤‡πÄ‡∏´‡∏°‡∏≤‡∏∞‡∏™‡∏° ‡∏≠‡∏¢‡∏π‡πà‡πÑ‡∏°‡πà‡πÉ‡∏Å‡∏•‡πâ‡πÑ‡∏°‡πà‡πÑ‡∏Å‡∏• BTS ‡∏£‡∏≤‡∏ä‡πÄ‡∏ó‡∏ß‡∏µ ‡πÄ‡∏î‡∏¥‡∏ô‡πÄ‡∏ó‡πâ‡∏≤‡πÑ‡∏î‡πâ,10.0
1,1,‡∏ó‡∏µ‡πà‡∏û‡∏±‡∏Å‡∏ó‡∏≥‡πÄ‡∏•‡∏î‡∏µ‡∏°‡∏≤‡∏Å,10.0
2,2,‡πÉ‡∏Å‡∏•‡πâ bts ‡πÄ‡∏î‡∏¥‡∏ô‡∏ó‡∏≤‡∏á‡∏™‡∏∞‡∏î‡∏ß‡∏Å ‡∏°‡∏µ‡∏£‡πâ‡∏≤‡∏ô‡∏ô‡∏ß‡∏î‡∏£‡πâ‡∏≤‡∏ô‡∏≠‡∏≤‡∏´‡∏≤‡∏£‡∏≠‡∏µ‡∏™‡∏≤‡∏ô‡πÉ‡∏Å‡∏•‡πâ ‡πÜ ‡πÇ‡∏£‡∏á‡πÅ‡∏£‡∏° ‡∏°‡∏µ‡∏ó‡∏µ‡πà‡∏à‡∏≠‡∏î‡∏£‡∏ñ ‡πÅ‡∏ï‡πà‡πÄ‡∏û‡∏î‡∏≤‡∏ô‡πÉ‡∏ô‡∏´‡πâ‡∏≠‡∏á‡∏Ñ‡πà‡∏≠‡∏ô‡∏Ç‡πâ‡∏≤‡∏á‡∏ï‡πà‡∏≥,8.8
3,3,.,10.0
4,4,‡πÄ‡∏Ç‡πâ‡∏≤‡∏û‡∏±‡∏Å‡∏ä‡πà‡∏ß‡∏á‡πÇ‡∏Ñ‡∏ß‡∏¥‡∏î ‡∏•‡∏î‡∏£‡∏≤‡∏Ñ‡∏≤‡∏ñ‡∏π‡∏Å ‡∏Å‡∏•‡∏≤‡∏á‡πÄ‡∏°‡∏∑‡∏≠‡∏á,10.0
5,5,‡∏´‡πâ‡∏≠‡∏á‡πÄ‡∏Å‡πà‡∏≤‡πÑ‡∏õ‡∏´‡∏ô‡πà‡∏≠‡∏¢ ‡∏≠‡∏≤‡∏´‡∏≤‡∏£‡πÄ‡∏ä‡πâ‡∏≤‡πÑ‡∏°‡πà‡∏Ñ‡πà‡∏≠‡∏¢‡∏´‡∏•‡∏≤‡∏Å‡∏´‡∏•‡∏≤‡∏¢,8.8
6,6,‡∏´‡πâ‡∏≠‡∏á‡∏™‡∏∞‡∏≠‡∏≤‡∏î ‡πÑ‡∏°‡πà‡∏°‡∏µ‡∏Å‡∏•‡∏¥‡πà‡∏ô‡∏≠‡∏±‡∏ö ‡∏ô‡πâ‡∏≥‡πÅ‡∏£‡∏á ‡πÅ‡∏≠‡∏£‡πå‡πÄ‡∏¢‡πá‡∏ô ‡πÑ‡∏ß‡πÑ‡∏ü‡πÉ‡∏ä‡πâ‡πÑ‡∏î‡πâ ‡πÄ‡∏ï‡∏µ‡∏¢‡∏á‡πÅ‡∏Ç‡πá‡∏á‡πÑ‡∏õ‡∏´‡∏ô‡πà‡∏≠‡∏¢ ‡πÑ‡∏°‡πà‡∏Ñ‡πà‡∏≠‡∏¢‡πÑ‡∏î‡πâ‡∏¢‡∏¥‡∏ô‡πÄ‡∏™‡∏µ‡∏¢‡∏á‡∏´‡πâ‡∏≠‡∏á‡∏≠‡∏∑‡πà‡∏ô ‡πÅ‡∏ï‡πà‡πÄ‡∏™‡∏µ‡∏¢‡∏á‡∏£‡∏ñ‡∏à‡∏≤‡∏Å‡∏ñ‡∏ô‡∏ô‡∏î‡∏±‡∏á‡∏°‡∏≤‡∏Å‡∏ó‡∏≥‡πÉ‡∏´‡πâ‡∏ô‡∏≠‡∏ô‡∏´‡∏•‡∏±‡∏ö‡∏¢‡∏≤‡∏Å ‡∏≠‡∏≤‡∏´‡∏≤‡∏£‡πÄ‡∏ä‡πâ‡∏≤‡πÑ‡∏°‡πà‡∏Ñ‡πà‡∏≠‡∏¢‡∏°‡∏µ‡πÉ‡∏´‡πâ‡πÄ‡∏•‡∏∑‡∏≠‡∏Å ‡∏û‡∏±‡∏Å 4 ‡∏Ñ‡∏∑‡∏ô ‡∏ó‡∏≤‡∏ô‡πÄ‡∏´‡∏°‡∏∑‡∏≠‡∏ô‡πÄ‡∏î‡∏¥‡∏°‡∏ó‡∏∏‡∏Å‡∏ß‡∏±‡∏ô ‡∏£‡∏≤‡∏Ñ‡∏≤‡∏´‡πâ‡∏≠‡∏á‡∏û‡∏±‡∏Å‡πÑ‡∏°‡πà‡πÅ‡∏û‡∏á ‡πÉ‡∏Å‡∏•‡πâ‡∏ö‡∏µ‡∏ó‡∏µ‡πÄ‡∏≠‡∏™‡∏£‡∏≤‡∏ä‡πÄ‡∏ó‡∏ß‡∏µ,9.6
7,7,‡∏™‡∏∞‡∏≠‡∏≤‡∏î ‡∏õ‡∏•‡∏≠‡∏î‡∏†‡∏±‡∏¢ ‡∏≠‡∏≤‡∏´‡∏≤‡∏£‡∏≠‡∏£‡πà‡∏≠‡∏¢‡∏î‡πâ‡∏ß‡∏¢‡∏Ñ‡πà‡∏∞,10.0
8,8,‡∏û‡∏µ‡πà‡πÜ‡∏û‡∏ô‡∏±‡∏Å‡∏á‡∏≤‡∏ô‡∏ï‡πâ‡∏≠‡∏ô‡∏£‡∏±‡∏ö‡∏ö‡∏£‡∏¥‡∏Å‡∏≤‡∏£‡∏î‡∏µ ‡∏ô‡πà‡∏≤‡∏£‡∏±‡∏Å‡∏°‡∏≤‡∏Å‡πÜ‡∏Ñ‡πà‡∏∞ ‡∏´‡πâ‡∏≠‡∏á‡∏û‡∏±‡∏Å‡∏î‡∏π‡∏î‡∏µ ‡∏™‡∏∞‡∏≠‡∏≤‡∏î ‡πÅ‡∏•‡∏∞‡πÄ‡∏î‡∏¥‡∏ô‡∏ó‡∏≤‡∏á‡∏°‡∏≤‡πÇ‡∏£‡∏á‡πÅ‡∏£‡∏°‡∏™‡∏∞‡∏î‡∏ß‡∏Å ‡πÉ‡∏Å‡∏•‡πâ BTS ‡πÑ‡∏ß‡πâ‡∏°‡∏µ‡πÇ‡∏≠‡∏Å‡∏≤‡∏™‡∏à‡∏∞‡∏°‡∏≤‡∏û‡∏±‡∏Å‡∏≠‡∏µ‡∏Å‡πÅ‡∏ô‡πà‡∏ô‡∏≠‡∏ô‡∏Ñ‡πà‡∏∞,10.0
9,9,‡∏´‡πâ‡∏≠‡∏á‡∏ï‡∏£‡∏á‡∏õ‡∏Å ‡∏î‡∏µ‡∏°‡∏≤‡∏Å ‡∏´‡πâ‡∏≠‡∏á‡∏Å‡∏ß‡πâ‡∏≤‡∏á ‡∏™‡∏∞‡∏≠‡∏≤‡∏î ‡∏£‡∏≤‡∏Ñ‡∏≤‡πÑ‡∏°‡πà‡πÅ‡∏û‡∏á ‡∏ó‡∏µ‡πà‡∏™‡∏≥‡∏Ñ‡∏±‡∏ç‡πÑ‡∏ß‡∏ü‡∏≤‡∏¢‡πÉ‡∏ô‡∏´‡πâ‡∏≠‡∏á‡πÅ‡∏£‡∏á‡∏°‡∏≤‡∏Å ‡∏ñ‡∏π‡∏Å‡πÉ‡∏à‡∏™‡∏∏‡∏î‡πÜ ‚ù§Ô∏è ‡πÄ‡∏î‡∏¥‡∏ô‡∏ó‡∏≤‡∏á‡∏Ñ‡πà‡∏≠‡∏ô‡∏Ç‡πâ‡∏≤‡∏á‡∏™‡∏∞‡∏î‡∏ß‡∏Å‡∏à‡∏≤‡∏Åbts‡∏£‡∏≤‡∏ä‡πÄ‡∏ó‡∏ß‡∏µ‡πÑ‡∏Å‡∏•‡∏ô‡∏¥‡∏î‡∏ô‡∏∂‡∏á‡πÄ‡∏Å‡∏∑‡∏≠‡∏ö‡πÜ‡πÇ‡∏•‡πÅ‡∏ï‡πà‡∏™‡∏≤‡∏°‡∏≤‡∏£‡∏ñ‡πÄ‡∏î‡∏¥‡∏ô‡πÑ‡∏î‡πâ‡∏™‡∏ö‡∏≤‡∏¢‡∏°‡∏≤‡∏Å ‡∏û‡∏ô‡∏±‡∏Å‡∏á‡∏≤‡∏ô‡∏ö‡∏£‡∏¥‡∏Å‡∏≤‡∏£‡∏î‡∏µ‡∏™‡∏∏‡∏†‡∏≤‡∏û‡πÉ‡∏™‡πà‡πÉ‡∏à‡∏•‡∏π‡∏Å‡∏Ñ‡πâ‡∏≤‡∏î‡∏µ‡πÄ‡∏¢‡∏µ‡πà‡∏¢‡∏°,10.0
10,10,‡πÄ‡∏™‡∏µ‡∏¢‡∏á‡∏£‡∏ñ‡∏î‡∏±‡∏á ‡πÅ‡∏ï‡πà‡∏´‡πâ‡∏≠‡∏á‡∏™‡∏∞‡∏≠‡∏≤‡∏î,8.4
11,11,‡∏û‡∏ô‡∏±‡∏Å‡∏á‡∏≤‡∏ô‡∏ö‡∏£‡∏¥‡∏Å‡∏≤‡∏£‡∏î‡∏µ ‡∏†‡∏≤‡∏¢‡πÉ‡∏ô‡∏´‡πâ‡∏≠‡∏á‡∏™‡∏∞‡∏≠‡∏≤‡∏î ‡∏™‡∏†‡∏≤‡∏û‡∏´‡πâ‡∏≠‡∏á‡∏™‡∏ö‡∏≤‡∏¢ ‡∏ó‡∏µ‡πà‡∏ï‡∏±‡πâ‡∏á‡∏ó‡∏µ‡πà‡∏û‡∏±‡∏Å‡∏™‡∏∞‡∏î‡∏ß‡∏Å‡πÉ‡∏ô‡∏Å‡∏≤‡∏£‡πÄ‡∏î‡∏¥‡∏ô‡∏ó‡∏≤‡∏á ‡∏≠‡∏¢‡∏≤‡∏Å‡πÉ‡∏´‡πâ‡πÄ‡∏û‡∏¥‡πà‡∏°‡πÅ‡∏≠‡∏•‡∏Å‡∏≠‡∏Æ‡∏≠‡∏•‡πå‡∏†‡∏≤‡∏¢‡πÉ‡∏ô‡∏´‡πâ‡∏≠‡∏á‡∏û‡∏±‡∏Å ‡∏´‡πâ‡∏≠‡∏á‡∏ó‡∏µ‡πà‡πÑ‡∏î‡πâ‡∏û‡∏±‡∏Å‡∏õ‡∏£‡∏∞‡∏ï‡∏π‡∏´‡πâ‡∏≠‡∏á‡∏ô‡πâ‡∏≥‡∏°‡∏µ‡∏ä‡πà‡∏≠‡∏á‡πÄ‡∏õ‡πá‡∏ô‡∏£‡∏≠‡∏¢‡∏Å‡∏£‡∏∞‡∏à‡∏Å‡πÅ‡∏ï‡∏Å ‡∏≠‡∏≤‡∏à‡∏à‡∏∞‡πÄ‡∏Å‡∏¥‡∏î‡∏≠‡∏∏‡∏ö‡∏±‡∏ï‡∏¥‡πÄ‡∏´‡∏ï‡∏∏‡πÑ‡∏î‡πâ ‡∏≠‡∏≤‡∏´‡∏≤‡∏£‡πÄ‡∏ä‡πâ‡∏≤‡∏°‡∏µ‡πÅ‡∏Ñ‡πà‡πÄ‡∏°‡∏ô‡∏π‡πÄ‡∏î‡∏µ‡∏¢‡∏ß,7.6
12,12,‡∏£‡∏≠‡∏ö‡∏ô‡∏µ‡πâ‡πÑ‡∏õ‡∏û‡∏±‡∏Å‡∏´‡πâ‡∏≠‡∏á‡∏ô‡πâ‡∏≥‡∏°‡∏µ‡∏Å‡∏•‡∏¥‡πà‡∏ô‡πÄ‡∏´‡∏°‡πá‡∏ô‡∏°‡∏≤‡∏Å‡∏Å‡∏Å‡∏Å‡∏Å ‡πÅ‡∏à‡πâ‡∏á‡∏û‡∏ô‡∏±‡∏Å‡∏á‡∏≤‡∏ô ‡πÑ‡∏õ ‡∏¢‡∏±‡∏á‡∏î‡∏µ‡∏ó‡∏µ‡πà‡∏û‡∏±‡∏Å‡∏á‡∏≤‡∏ô‡πÅ‡∏Å‡πâ‡πÑ‡∏Ç‡πÉ‡∏´‡πâ ‡πÅ‡∏ï‡πà‡∏ï‡∏≠‡∏ô‡πÄ‡∏ä‡πâ‡∏≤‡∏Å‡πá‡πÄ‡∏õ‡πá‡∏ô‡∏≠‡∏µ‡∏Å ‡∏£‡∏≠‡∏ö‡∏Å‡∏ß‡∏ô‡∏ó‡∏≤‡∏á‡πÇ‡∏£‡∏á‡πÅ‡∏£‡∏°‡∏ï‡∏£‡∏ß‡∏à‡∏™‡∏≠‡∏ö‡∏£‡∏∞‡∏ö‡∏ö‡∏ó‡πà‡∏≠‡∏£‡∏∞‡∏ö‡∏≤‡∏¢‡∏Ç‡∏≠‡∏á‡∏ó‡∏≤‡∏á‡πÇ‡∏£‡∏á‡πÅ‡∏£‡∏°‡∏î‡πâ‡∏ß‡∏¢‡∏Ñ‡πà‡∏∞ ... ‡πÄ‡∏û‡∏£‡∏≤‡∏∞‡∏Å‡∏•‡∏¥‡πà‡∏ô‡∏°‡∏±‡∏ô‡∏£‡∏ö‡∏Å‡∏ß‡∏ô‡∏°‡∏≤‡∏Å‡πÜ‡πÄ‡∏•‡∏¢,9.2
13,13,‡∏ô‡∏≠‡∏ô‡∏™‡∏≤‡∏°‡∏Ñ‡∏∑‡∏ô ‡πÅ‡∏°‡πà‡∏ö‡πâ‡∏≤‡∏ô‡πÑ‡∏°‡πà‡πÄ‡∏õ‡∏•‡∏µ‡πà‡∏¢‡∏ô‡∏ú‡πâ‡∏≤‡∏õ‡∏π‡∏ó‡∏µ‡πà‡∏ô‡∏≠‡∏ô‡πÉ‡∏´‡πâ‡πÉ‡∏´‡∏°‡πà‡πÅ‡∏•‡∏∞‡πÑ‡∏°‡πà‡∏°‡∏µ‡∏Å‡∏≤‡∏£‡∏•‡πâ‡∏≤‡∏á‡∏´‡πâ‡∏≠‡∏á‡∏ô‡πâ‡∏≥‡πÉ‡∏´‡πâ,6.8
14,14,‡∏ö‡∏£‡∏¥‡∏Å‡∏≤‡∏£‡∏î‡∏µ ‡∏õ‡∏£‡∏∞‡∏ó‡∏±‡∏ö‡πÉ‡∏à‡∏Ñ‡πà‡∏∞,6.8
15,15,‡∏´‡πâ‡∏≠‡∏á‡∏û‡∏±‡∏Å‡∏™‡∏∞‡∏≠‡∏≤‡∏î ‡∏û‡∏ô‡∏±‡∏Å‡∏á‡∏≤‡∏ô‡∏ö‡∏£‡∏¥‡∏Å‡∏≤‡∏£‡∏î‡∏µ ‡∏≠‡∏≤‡∏´‡∏≤‡∏£‡πÄ‡∏ä‡πâ‡∏≤‡∏≠‡∏£‡πà‡∏≠‡∏¢ ‡∏ó‡∏µ‡πà‡∏à‡∏≠‡∏î‡∏£‡∏ñ‡∏Ñ‡πà‡∏≠‡∏ô‡∏Ç‡πâ‡∏≤‡∏á‡∏ô‡πâ‡∏≠‡∏¢ ‡πÑ‡∏î‡πâ‡∏´‡πâ‡∏≠‡∏á‡∏û‡∏±‡∏Å‡∏ï‡∏¥‡∏î‡∏ñ‡∏ô‡∏ô‡∏à‡∏∞‡∏°‡∏µ‡πÄ‡∏™‡∏µ‡∏¢‡∏á‡∏£‡∏ñ‡∏£‡∏ö‡∏Å‡∏ß‡∏ô 9/10 ‡πÇ‡∏î‡∏¢‡∏£‡∏ß‡∏°‡∏ñ‡∏∑‡∏≠‡∏ß‡πà‡∏≤‡∏î‡∏µ‡∏Ñ‡πä‡∏≤‡∏≤‡∏≤,8.4
16,16,‡∏´‡πâ‡∏≠‡∏á‡∏Ñ‡πà‡∏≠‡∏ô‡∏Ç‡πâ‡∏≤‡∏á‡πÄ‡∏Å‡πà‡∏≤ ‡∏°‡∏µ‡πÅ‡∏°‡∏•‡∏á‡∏™‡∏≤‡∏õ‡∏ï‡∏±‡∏ß‡πÄ‡∏•‡πá‡∏Å‡πÜ ‡πÅ‡∏¢‡πà‡∏™‡∏∏‡∏î‡∏Ñ‡∏∑‡∏≠‡∏´‡πâ‡∏≠‡∏á‡∏ô‡πâ‡∏≥‡πÄ‡∏´‡∏°‡πá‡∏ô‡∏°‡∏≤‡∏Å ‡∏õ‡∏£‡∏∞‡∏ï‡∏π‡∏´‡πâ‡∏≠‡∏á‡∏ô‡πâ‡∏≥‡πÄ‡∏õ‡πá‡∏ô‡∏Å‡∏£‡∏∞‡∏à‡∏Å‡πÄ‡∏Å‡πá‡∏ö‡∏Å‡∏•‡∏¥‡πà‡∏ô‡πÑ‡∏°‡πà‡πÑ‡∏î‡πâ‡πÄ‡∏•‡∏¢ ‡∏ö‡∏≠‡∏Å‡πÅ‡∏°‡πà‡∏ö‡πâ‡∏≤‡∏ô‡∏ä‡πà‡∏ß‡∏¢‡∏ó‡∏≥‡∏Ñ‡∏ß‡∏≤‡∏°‡∏™‡∏∞‡∏≠‡∏≤‡∏î‡∏Å‡πá‡πÅ‡∏Ñ‡πà‡∏°‡∏≤‡πÄ‡∏ï‡∏¥‡∏°‡∏Ç‡∏≠‡∏á‡πÄ‡∏õ‡∏•‡∏µ‡πà‡∏¢‡∏ô‡∏ú‡πâ‡∏≤‡πÅ‡∏•‡πâ‡∏ß‡∏Å‡πá‡πÑ‡∏õ ‡∏°‡∏µ‡∏î‡∏µ‡∏≠‡∏¢‡∏π‡πà‡∏ó‡∏µ‡πà‡πÉ‡∏Å‡∏•‡πâ‡∏£‡∏ñ‡πÑ‡∏ü‡∏ü‡πâ‡∏≤ ‡πÅ‡∏•‡∏∞‡∏ï‡∏π‡πâ‡πÄ‡∏¢‡πá‡∏ô‡πÉ‡∏ô‡∏´‡πâ‡∏≠‡∏á‡πÄ‡∏¢‡πá‡∏ô‡∏™‡∏∞‡πÉ‡∏à‡∏°‡∏≤‡∏Å,6.8
17,17,‡∏™‡∏∞‡∏≠‡∏≤‡∏î ‡∏õ‡∏•‡∏≠‡∏î‡∏†‡∏±‡∏¢ ‡∏°‡∏µ‡∏≠‡∏≤‡∏´‡∏≤‡∏£‡πÄ‡∏ä‡πâ‡∏≤‡∏û‡∏£‡πâ‡∏≠‡∏° ‡πÅ‡∏•‡∏∞‡∏≠‡∏¢‡∏π‡πà‡∏Å‡∏•‡∏≤‡∏á‡πÅ‡∏´‡∏•‡πà‡∏á‡∏Ç‡∏≠‡∏á‡∏Å‡∏¥‡∏ô‡∏ï‡∏•‡∏≠‡∏î 24 ‡∏ä‡∏±‡πà‡∏ß‡πÇ‡∏°‡∏á ‡∏´‡∏≤‡∏Ç‡∏≠‡∏á‡∏Å‡∏¥‡∏ô‡πÅ‡∏ñ‡∏ß‡πÉ‡∏Å‡πâ‡∏•‡πÜ‡πÇ‡∏£‡∏á‡πÅ‡∏£‡∏°‡πÑ‡∏î‡πâ‡∏ï‡∏•‡∏≠‡∏î ‡∏ä‡∏≠‡∏ö‡∏°‡∏≤‡∏Å ‡∏û‡∏±‡∏Å‡∏ó‡∏µ‡πà‡∏ô‡∏µ‡πà,10.0
18,18,‡∏™‡∏∞‡∏≠‡∏≤‡∏î ‡∏õ‡∏•‡∏≠‡∏î‡∏†‡∏±‡∏¢ ‡∏≠‡∏¢‡∏π‡πà‡πÉ‡∏à‡∏Å‡∏•‡∏≤‡∏á‡πÅ‡∏´‡∏•‡πà‡∏á‡∏Å‡∏¥‡∏ô ‡∏°‡∏µ‡∏≠‡∏≤‡∏´‡∏≤‡∏£‡πÄ‡∏ä‡πâ‡∏≤‡∏û‡∏£‡πâ‡∏≠‡∏°,10.0
19,19,‡∏´‡πâ‡∏≠‡∏á‡πÄ‡∏•‡πá‡∏Å‡∏´‡∏ô‡πà‡∏≠‡∏¢ ‡πÅ‡∏ï‡πà‡∏Å‡πá‡∏™‡∏∞‡∏≠‡∏≤‡∏î ‡πÅ‡∏•‡∏∞‡∏£‡∏π‡πâ‡∏™‡∏∂‡∏Å‡∏õ‡∏•‡∏≠‡∏î‡∏†‡∏±‡∏¢ ‡∏°‡∏µ‡∏û‡∏ô‡∏±‡∏Å‡∏á‡∏≤‡∏ô‡πÅ‡∏•‡∏∞‡πÄ‡∏à‡πâ‡∏≤‡∏´‡∏ô‡πâ‡∏≤‡∏ó‡∏µ‡πà‡∏≠‡∏¢‡∏π‡πà‡∏ï‡∏•‡∏≠‡∏î 24‡∏ä‡∏±‡πà‡∏ß‡πÇ‡∏°‡∏á ‡πÉ‡∏Å‡∏•‡πâ‡πÅ‡∏´‡∏•‡πà‡∏á‡∏Å‡∏¥‡∏ô ‡πÉ‡∏Å‡∏•‡πâ‡πÄ‡∏ã‡πà‡πÄ‡∏ß‡πà‡∏ô ‡πÅ‡∏•‡∏∞‡∏ï‡∏•‡∏≤‡∏î‡∏ó‡∏µ‡πà‡∏°‡∏µ‡∏Ç‡∏≠‡∏á‡∏Å‡∏¥‡∏ô‡∏ï‡∏•‡∏≠‡∏î‡∏Ñ‡∏∑‡∏ô ‡∏™‡∏£‡∏∏‡∏õ‡πÇ‡∏î‡∏¢‡∏£‡∏ß‡∏°‡∏ä‡∏≠‡∏ö,10.0
20,20,‡πÄ‡∏£‡∏≤‡∏û‡∏±‡∏Å 4 ‡∏Ñ‡∏∑‡∏ô ‡∏≠‡∏≤‡∏´‡∏≤‡∏£‡πÄ‡∏ä‡πâ‡∏≤‡πÄ‡∏õ‡πá‡∏ô‡∏≠‡∏≤‡∏´‡∏≤‡∏£‡∏à‡∏≤‡∏ô‡πÄ‡∏î‡∏µ‡∏¢‡∏ß ‡πÄ‡∏°‡∏ô‡∏π‡πÑ‡∏Å‡πà‡πÜ ‡πÄ‡∏´‡∏°‡∏∑‡∏≠‡∏ô‡∏à‡∏∞‡∏ô‡πà‡∏≤‡πÄ‡∏ö‡∏∑‡πà‡∏≠‡πÅ‡∏ï‡πà‡∏Å‡πá‡πÇ‡∏≠‡πÄ‡∏Ñ ‡∏°‡∏µ‡∏Ç‡∏ô‡∏°‡∏õ‡∏±‡∏á‡πÅ‡∏•‡∏∞‡πÄ‡∏Ñ‡∏£‡∏∑‡πà‡∏≠‡∏á‡∏î‡∏∑‡πà‡∏°‡∏ï‡πà‡∏≤‡∏á‡πÜ ‡πÉ‡∏´‡πâ ‡πÅ‡∏°‡πà‡∏ö‡πâ‡∏≤‡∏ô‡πÄ‡∏Ç‡πâ‡∏≤‡∏°‡∏≤‡∏ó‡∏≥‡∏Ñ‡∏ß‡∏≤‡∏°‡∏™‡∏∞‡∏≠‡∏≤‡∏î‡∏´‡πâ‡∏≠‡∏á‡πÉ‡∏´‡πâ‡∏Ñ‡πà‡∏≠‡∏ô‡∏Ç‡πâ‡∏≤‡∏á‡∏ö‡πà‡∏≠‡∏¢ ‡∏û‡∏£‡πâ‡∏≠‡∏°‡∏Å‡∏±‡∏ö‡πÄ‡∏ï‡∏¥‡∏°‡∏Ç‡∏≠‡∏á‡∏ó‡∏µ‡πà‡∏à‡∏≥‡πÄ‡∏õ‡πá‡∏ô‡∏ï‡πâ‡∏≠‡∏á‡πÉ‡∏ä‡πâ‡πÉ‡∏´‡πâ ‡∏õ‡∏£‡∏∞‡∏ó‡∏±‡∏ö‡πÉ‡∏à‡∏°‡∏≤‡∏Å‡πÜ ‡∏Ñ‡πà‡∏∞,10.0
21,21,‡∏™‡∏∞‡∏≠‡∏≤‡∏î,8.0
22,22,‡∏™‡∏∞‡∏≠‡∏≤‡∏î‡∏°‡∏≤‡∏Å,10.0
23,23,‡πÉ‡∏Å‡∏•‡πâ‡∏£‡∏ñ‡πÑ‡∏ü‡∏ü‡πâ‡∏≤ ‡∏°‡∏µ‡∏£‡πâ‡∏≤‡∏ô‡∏≠‡∏≤‡∏´‡∏≤‡∏£‡πÉ‡∏Å‡∏•‡πâ‡πÜ ‡πÄ‡∏î‡∏¥‡∏ô‡∏ó‡∏≤‡∏á‡∏™‡∏∞‡∏î‡∏ß‡∏Å ‡∏≠‡∏≤‡∏´‡∏≤‡∏£‡πÇ‡∏£‡∏á‡πÅ‡∏£‡∏°‡∏£‡∏™‡∏ä‡∏≤‡∏ï‡∏¥‡∏î‡∏µ,7.2
24,24,‡∏ó‡∏µ‡πà‡∏à‡∏≠‡∏î‡∏£‡∏ñ‡πÑ‡∏°‡πà‡∏Ñ‡πà‡∏≠‡∏¢‡∏™‡∏∞‡∏î‡∏ß‡∏Å ‡πÄ‡∏•‡πâ‡∏Å ‡πÅ‡∏•‡∏∞‡∏ï‡πâ‡∏≠‡∏á‡πÄ‡∏•‡∏∑‡πà‡∏≠‡∏ô‡πÄ‡∏Ç‡πâ‡∏≤‡∏≠‡∏≠‡∏Å‡∏´‡∏≤‡∏Å‡∏°‡∏µ‡∏Å‡∏≤‡∏£‡∏à‡∏≠‡∏î‡∏ã‡πâ‡∏≠‡∏ô‡∏Ñ‡∏±‡∏ô ‡∏°‡∏µ‡πÅ‡∏Ñ‡πà 2-3 ‡∏Ñ‡πâ‡∏ô‡∏ó‡∏µ‡πà‡∏à‡∏≠‡∏î‡πÅ‡∏ö‡∏ö‡πÑ‡∏°‡πà‡∏ã‡πâ‡∏≠‡∏ô‡∏Ñ‡∏±‡∏ô,10.0
25,25,‡∏ó‡∏µ‡πà‡∏à‡∏≠‡∏î‡∏£‡∏ñ‡πÑ‡∏°‡πà‡∏™‡∏∞‡∏î‡∏ß‡∏Å,9.6
26,26,‡∏û‡∏ô‡∏±‡∏Å‡∏á‡∏≤‡∏ô‡∏î‡∏π‡πÅ‡∏•‡∏≠‡∏≤‡∏´‡∏≤‡∏£‡πÄ‡∏ä‡πâ‡∏≤ ‡∏ó‡∏µ‡πà‡πÉ‡∏™‡πà‡πÅ‡∏ß‡πà‡∏ô ‡πÅ‡∏ã‡∏á‡∏Ñ‡∏¥‡∏ß‡πÑ‡∏°‡πà‡∏™‡∏ô‡πÉ‡∏à‡πÄ‡∏•‡∏¢‡∏ó‡∏±‡πâ‡∏á‡∏ó‡∏µ‡πà‡πÄ‡∏£‡∏≤‡∏°‡∏≤‡∏Å‡πà‡∏≠‡∏ô ‡∏û‡∏≠‡∏°‡∏µ‡∏ô‡∏±‡πâ‡∏á‡∏ó‡πà‡∏≠‡∏á‡πÄ‡∏ó‡∏µ‡πà‡∏¢‡∏ß‡∏•‡∏á‡∏°‡∏≤‡∏£‡∏µ‡∏ö‡πÑ‡∏õ‡∏£‡∏±‡∏ö‡πÅ‡∏•‡πâ‡∏ß‡πÅ‡∏ã‡∏á‡∏Ñ‡∏¥‡∏ß‡∏ï‡∏±‡∏î‡∏´‡∏ô‡πâ‡∏≤‡πÑ‡∏õ‡πÄ‡∏•‡∏¢ ‡πÑ‡∏°‡πà‡πÇ‡∏≠‡πÄ‡∏Ñ‡∏°‡∏≤‡∏Å‡πÜ‡∏ô‡∏±‡πâ‡∏á‡∏£‡∏≠‡∏ô‡∏≤‡∏ô ‡∏ö‡∏≠‡∏Å‡∏ö‡∏∏‡∏ü‡πÄ‡∏ü‡∏ï‡πå‡∏≠‡∏≤‡∏´‡∏≤‡∏£‡πÄ‡∏ä‡πâ‡∏≤ ‡πÅ‡∏ï‡πà‡∏ñ‡πâ‡∏≤‡∏Ç‡∏≠‡πÄ‡∏û‡∏¥‡πà‡∏°‡∏ï‡πâ‡∏≠‡∏á‡∏à‡πà‡∏≤‡∏¢‡πÄ‡∏á‡∏¥‡∏ô ‡πÅ‡∏•‡πâ‡∏ß‡∏ö‡∏∏‡∏ü‡πÄ‡∏ü‡∏ï‡πå‡∏¢‡∏±‡∏á‡πÑ‡∏á ‡∏á‡∏á ‡∏ó‡∏≥‡∏á‡∏≤‡∏ô‡πÑ‡∏°‡πà‡∏Ñ‡πà‡∏≠‡∏¢‡πÄ‡∏õ‡πá‡∏ô‡∏£‡∏∞‡∏ö‡∏ö ‡∏≠‡∏≤‡∏´‡∏≤‡∏£‡∏ï‡∏±‡∏ß‡πÄ‡∏•‡∏∑‡∏≠‡∏Å‡∏ô‡πâ‡∏≠‡∏¢‡∏°‡∏≤‡∏Å ‡∏ó‡∏≥‡∏≠‡∏≤‡∏´‡∏≤‡∏£‡πÑ‡∏ß‡πâ‡∏ô‡πâ‡∏≠‡∏¢‡πÄ‡∏Å‡∏¥‡∏ô‡πÑ‡∏°‡πà‡∏û‡∏≠‡∏Å‡∏±‡∏ö‡∏õ‡∏£‡∏¥‡∏°‡∏≤‡∏ì‡∏•‡∏π‡∏Å‡∏Ñ‡πâ‡∏≤‡∏ó‡∏≥‡πÉ‡∏´‡πâ‡∏ï‡πâ‡∏≠‡∏á‡∏£‡∏≠‡∏ó‡∏≥‡πÄ‡∏û‡∏¥‡πà‡∏° ‡∏´‡πâ‡∏≠‡∏á‡∏ô‡πâ‡∏≥‡∏°‡∏µ‡∏Å‡∏£‡∏∞‡∏à‡∏Å‡∏Å‡∏±‡πâ‡∏ô‡∏à‡∏£‡∏¥‡∏á‡πÅ‡∏ï‡πà‡πÑ‡∏°‡πà‡πÉ‡∏™‡πà‡∏¢‡∏≤‡∏á‡∏Ç‡πâ‡∏≤‡∏á‡πÉ‡∏ï‡πâ‡∏Å‡∏£‡∏∞‡∏à‡∏Å ‡∏ô‡πâ‡∏≥‡∏Å‡πá‡∏ó‡∏∞‡∏•‡∏±‡∏Å‡∏≠‡∏≠‡∏Å‡∏°‡∏≤‡∏ï‡∏≠‡∏ô‡∏≠‡∏≤‡∏ö‡∏≠‡∏¢‡∏π‡πà‡∏î‡∏µ ‡∏´‡πâ‡∏≠‡∏á‡πÑ‡∏°‡πà‡πÄ‡∏Å‡πá‡∏ö‡πÄ‡∏™‡∏µ‡∏¢‡∏á ‡πÄ‡∏ï‡∏µ‡∏¢‡∏á‡∏ô‡∏∏‡πà‡∏° ‡∏™‡πâ‡∏ß‡∏°‡πÑ‡∏°‡πà‡πÄ‡∏´‡∏°‡∏≤‡∏∞‡∏Å‡∏±‡∏ö‡∏ú‡∏π‡πâ‡∏ä‡∏≤‡∏¢‡πÄ‡∏û‡∏£‡∏≤‡∏∞‡∏´‡∏±‡∏ô‡∏´‡∏ô‡πâ‡∏≤‡∏´‡∏≤‡∏´‡πâ‡∏≠‡∏á‡∏ô‡πâ‡∏≥‡∏°‡∏µ‡∏Å‡∏£‡∏∞‡∏à‡∏Å‡∏Å‡∏±‡πâ‡∏ô‡∏ó‡∏≥‡πÉ‡∏´‡πâ‡∏°‡∏µ‡∏û‡∏∑‡πâ‡∏ô‡∏ó‡∏µ‡πà‡∏ô‡πâ‡∏≠‡∏¢‡∏°‡∏≤‡∏Å ‡∏ó‡∏≥‡πÄ‡∏•‡∏ó‡∏µ‡πà‡∏ï‡∏±‡πâ‡∏á‡∏î‡∏µ ‡∏™‡∏∞‡∏î‡∏ß‡∏Å‡πÉ‡∏ô‡∏Å‡∏≤‡∏£‡πÄ‡∏î‡∏¥‡∏ô‡∏ó‡∏≤‡∏á‡πÉ‡∏ô‡πÄ‡∏°‡∏∑‡∏≠‡∏á‡∏´‡∏•‡∏ß‡∏á ‡πÄ‡∏ï‡∏µ‡∏¢‡∏á‡∏ô‡∏∏‡πà‡∏°,7.2
27,27,‡πÇ‡∏£‡∏á‡πÅ‡∏£‡∏°‡πÑ‡∏°‡πà‡∏ï‡∏£‡∏á‡∏õ‡∏Å ‡∏´‡πâ‡∏≠‡∏á‡∏ô‡πâ‡∏≥‡∏°‡∏µ‡∏Å‡∏•‡∏¥‡πà‡∏ô‡πÄ‡∏´‡∏°‡πá‡∏ô‡∏°‡∏≤‡∏Å ‡∏†‡∏≤‡∏¢‡πÉ‡∏ô‡∏´‡πâ‡∏≠‡∏á‡∏°‡∏µ‡∏Å‡∏•‡∏¥‡πà‡∏ô‡∏≠‡∏±‡∏ö‡πÅ‡∏•‡∏∞‡∏°‡∏µ‡πÅ‡∏°‡∏•‡∏á‡∏™‡∏≤‡∏õ ‡∏û‡∏ô‡∏±‡∏Å‡∏á‡∏≤‡∏ô‡∏ö‡∏≤‡∏£‡πå‡∏≠‡∏≤‡∏´‡∏≤‡∏£‡∏ö‡∏£‡∏¥‡∏Å‡∏≤‡∏£‡πÑ‡∏°‡πà‡∏î‡∏µ‡πÑ‡∏°‡πà‡∏™‡∏ô‡πÉ‡∏à‡πÅ‡∏Ç‡∏Å ‡∏ñ‡πâ‡∏≤‡∏à‡∏∞‡∏û‡∏±‡∏Å‡πÅ‡∏ô‡∏∞‡∏ô‡∏≥‡πÉ‡∏´‡πâ‡∏à‡∏≠‡∏á‡πÅ‡∏Ñ‡πà‡∏´‡πâ‡∏≠‡∏á‡πÄ‡∏õ‡∏•‡πà‡∏≤‡πÑ‡∏°‡πà‡∏£‡∏ß‡∏°‡∏≠‡∏≤‡∏´‡∏≤‡∏£‡πÄ‡∏ä‡πâ‡∏≤ ‡πÄ‡∏û‡∏£‡∏≤‡∏∞‡∏≠‡∏≤‡∏´‡∏≤‡∏£‡πÄ‡∏ä‡πâ‡∏≤‡πÑ‡∏°‡πà‡∏ï‡∏£‡∏á‡∏ï‡∏≤‡∏°‡∏ó‡∏µ‡πà‡πÇ‡∏£‡∏á‡πÅ‡∏£‡∏°‡∏£‡∏∞‡∏ö‡∏∏‡πÑ‡∏°‡πà‡πÄ‡∏´‡∏°‡∏∑‡∏≠‡∏ô‡πÉ‡∏ô‡∏£‡∏π‡∏õ‡∏ó‡∏µ‡πà‡∏°‡∏µ‡∏ö‡∏∏‡∏ü‡πÄ‡∏ü‡πà‡∏ö‡∏≤‡∏£‡πå‡∏≠‡∏≤‡∏´‡∏≤‡∏£‡πÄ‡∏ä‡πâ‡∏≤ ‡∏°‡∏µ‡∏ï‡∏±‡πã‡∏ß‡∏≠‡∏≤‡∏´‡∏≤‡∏£‡πÉ‡∏´‡πâ‡πÅ‡∏•‡πâ‡∏ß‡∏°‡∏≤‡∏ó‡∏≤‡∏ô‡∏ö‡∏≤‡∏£‡πå‡∏î‡πâ‡∏≤‡∏ô‡∏´‡∏ô‡πâ‡∏≤‡πÑ‡∏°‡πà‡∏™‡∏≤‡∏°‡∏≤‡∏£‡∏ñ‡πÄ‡∏•‡∏∑‡∏≠‡∏Å‡∏≠‡∏≤‡∏´‡∏≤‡∏£‡πÑ‡∏î‡πâ‡πÇ‡∏£‡∏á‡πÅ‡∏£‡∏°‡∏à‡∏±‡∏î‡πÉ‡∏´‡πâ‡∏¢‡∏±‡∏á‡πÑ‡∏á‡∏ï‡πâ‡∏≠‡∏á‡∏ó‡∏≤‡∏ô‡πÅ‡∏ö‡∏ö‡∏ô‡∏±‡πâ‡∏ô ‡πÄ‡∏ä‡πà‡∏ô‡∏ú‡∏±‡∏î‡∏Å‡∏£‡∏∞‡πÄ‡∏û‡∏≤ ‡∏Ç‡πâ‡∏≤‡∏ß‡∏°‡∏±‡∏ô‡πÑ‡∏Å‡πà ‡∏Ñ‡∏ô‡∏•‡∏∞1 ‡∏à‡∏≤‡∏ô ‡πÄ‡∏ß‡∏•‡∏≤‡∏ó‡∏≤‡∏ô‡∏≠‡∏≤‡∏´‡∏≤‡∏£‡∏û‡∏ô‡∏±‡∏Å‡∏á‡∏≤‡∏ô‡∏¢‡∏∑‡∏ô‡∏°‡∏≠‡∏á‡πÅ‡∏Ç‡∏Å‡πÑ‡∏°‡πà‡πÄ‡∏´‡∏°‡∏≤‡∏∞‡∏™‡∏° ‡πÅ‡∏•‡∏∞‡πÅ‡∏Ç‡∏Å‡πÄ‡∏£‡∏µ‡∏¢‡∏Å‡∏û‡∏ô‡∏±‡∏Å‡∏á‡∏≤‡∏ô‡∏ó‡∏≥‡πÄ‡∏õ‡πá‡∏ô‡πÑ‡∏°‡πà‡∏™‡∏ô‡πÉ‡∏à‡πÅ‡∏Ç‡∏Å ‡πÄ‡∏£‡∏µ‡∏¢‡∏Å‡∏´‡∏•‡∏≤‡∏¢‡∏£‡∏≠‡∏ö‡∏°‡∏≤‡∏Å ‡πÇ‡∏î‡∏¢‡∏£‡∏ß‡∏°‡πÜ‡∏ñ‡πâ‡∏≤‡πÉ‡∏Ñ‡∏£‡∏ä‡∏≠‡∏ö‡∏£‡∏≤‡∏Ñ‡∏≤‡πÑ‡∏°‡πà‡πÅ‡∏û‡∏á‡∏Å‡πá‡πÅ‡∏ô‡∏∞‡∏ô‡∏≥ ‡πÅ‡∏ï‡πà‡∏ñ‡πâ‡∏≤‡πÉ‡∏Ñ‡∏£‡∏ä‡∏≠‡∏ö‡∏Ñ‡∏ß‡∏≤‡∏°‡∏™‡∏∞‡∏≠‡∏≤‡∏î‡πÅ‡∏•‡∏∞‡∏Ñ‡∏ß‡∏≤‡∏°‡∏™‡∏∞‡∏î‡∏ß‡∏Å‡∏™‡∏ö‡∏≤‡∏¢‡∏ö‡∏£‡∏¥‡∏Å‡∏≤‡∏£‡∏î‡∏µ‡πÑ‡∏°‡πà‡πÅ‡∏ô‡∏∞‡∏ô‡∏≥‡πÄ‡∏õ‡πá‡∏ô‡∏≠‡∏¢‡πà‡∏≤‡∏á‡∏°‡∏≤‡∏Å,4.0
28,28,‡πÄ‡∏Ç‡πâ‡∏≤‡∏û‡∏±‡∏Å‡∏°‡∏≤‡∏Å‡∏Å‡∏ß‡πà‡∏≤ 5 ‡∏Ñ‡∏£‡∏±‡πâ‡∏á ‡∏û‡∏π‡∏î‡∏ï‡∏£‡∏á‡πÜ‡∏ß‡πà‡∏≤‡∏£‡∏∞‡∏î‡∏±‡∏ö‡∏Å‡∏≤‡∏£‡πÉ‡∏´‡πâ‡∏ö‡∏£‡∏¥‡∏Å‡∏≤‡∏£‡∏Ç‡∏≠‡∏á‡∏û‡∏ô‡∏±‡∏Å‡∏á‡∏≤‡∏ô‡∏î‡πâ‡∏≠‡∏¢‡∏•‡∏á ‡πÇ‡∏î‡∏¢‡πÄ‡∏â‡∏û‡∏≤‡∏∞‡∏ó‡∏µ‡∏°‡∏™‡πà‡∏ß‡∏ô‡∏≠‡∏≤‡∏´‡∏≤‡∏£‡πÄ‡∏ä‡πâ‡∏≤ ‡πÄ‡∏™‡∏¥‡∏£‡πå‡∏ü‡∏ä‡πâ‡∏≤‡∏°‡∏≤‡∏Å ‡∏°‡∏µ‡∏û‡∏ô‡∏±‡∏Å‡∏á‡∏≤‡∏ô‡πÅ‡∏Ñ‡πà 2 ‡∏Ñ‡∏ô‡∏Å‡∏±‡∏ö‡πÅ‡∏Ç‡∏Å‡∏°‡∏≤‡∏Å‡∏Å‡∏ß‡πà‡∏≤ 10 ‡∏ó‡πà‡∏≤‡∏ô ‡∏≠‡∏¢‡∏≤‡∏Å‡πÉ‡∏´‡πâ‡∏ú‡∏π‡πâ‡∏ó‡∏µ‡πà‡πÄ‡∏Å‡∏µ‡πà‡∏¢‡∏ß‡∏Ç‡πâ‡∏≠‡∏á‡∏ä‡πà‡∏ß‡∏¢‡∏à‡∏±‡∏î‡∏´‡∏≤‡∏™‡∏ï‡∏≤‡∏ü‡πÄ‡∏û‡∏¥‡πà‡∏°‡πÉ‡∏´‡πâ‡πÄ‡∏û‡∏µ‡∏¢‡∏á‡∏û‡∏≠‡∏Å‡∏±‡∏ö‡πÅ‡∏Ç‡∏Å‡∏à‡∏∞‡πÑ‡∏î‡πâ‡∏£‡∏±‡∏Å‡∏©‡∏≤‡πÄ‡∏•‡πÄ‡∏ß‡∏•‡πÄ‡∏ã‡∏≠‡∏£‡πå‡∏ß‡∏¥‡∏™‡πÑ‡∏î‡πâ,6.8
29,29,‡∏´‡πâ‡∏≠‡∏á‡∏™‡∏∞‡∏≠‡∏≤‡∏î ‡πÄ‡∏à‡πâ‡∏≤‡∏´‡∏ô‡πâ‡∏≤‡∏ó‡∏µ‡∏î‡∏π‡πÅ‡∏•‡∏Ñ‡∏ß‡∏≤‡∏°‡∏™‡∏∞‡∏≠‡∏≤‡∏î‡∏î‡∏µ‡∏°‡∏≤‡∏Å‡∏Ñ‡πà‡∏∞,8.0
30,30,‡πÄ‡∏≠‡∏≤‡∏£‡∏ñ‡∏°‡∏≤ ‡πÇ‡∏ä‡∏Ñ‡∏î‡∏µ‡∏°‡∏µ‡∏ó‡∏µ‡πà‡∏à‡∏≠‡∏î‡∏û‡∏≠‡∏î‡∏µ ‡∏´‡πâ‡∏≠‡∏á‡∏û‡∏±‡∏Å ‡∏≠‡∏≤‡∏´‡∏≤‡∏£‡πÄ‡∏ä‡πâ‡∏≤ ‡∏û‡∏ô‡∏±‡∏Å‡∏á‡∏≤‡∏ô ‡∏î‡∏µ‡∏ó‡∏∏‡∏Å‡∏≠‡∏¢‡πà‡∏≤‡∏á‡πÄ‡∏•‡∏¢‡∏Ñ‡πà‡∏∞ ‡∏ó‡∏≥‡πÄ‡∏•‡∏Å‡πá‡∏î‡∏µ ‡πÄ‡∏î‡∏¥‡∏ô‡∏ó‡∏≤‡∏á‡πÑ‡∏õ‡πÑ‡∏´‡∏ô‡∏°‡∏≤‡πÑ‡∏´‡∏ô‡∏™‡∏∞‡∏î‡∏ß‡∏Å,10.0
31,31,‡∏û‡∏ô‡∏±‡∏Å‡∏á‡∏≤‡∏ô‡∏î‡∏π‡πÅ‡∏•‡∏î‡∏µ‡∏°‡∏≤‡∏Å,10.0
32,32,‡∏≠‡∏≤‡∏´‡∏≤‡∏£‡πÄ‡∏ä‡πâ‡∏≤‡∏ô‡πâ‡∏≠‡∏¢‡πÑ‡∏õ‡∏´‡∏ô‡πà‡∏≠‡∏¢ ‡∏õ‡∏π‡πÄ‡∏ï‡∏µ‡∏¢‡∏á‡πÑ‡∏°‡πà‡∏Ñ‡πà‡∏≠‡∏¢‡πÄ‡∏£‡∏µ‡∏¢‡∏ö‡∏£‡πâ‡∏≠‡∏¢ ‡πÄ‡∏´‡∏°‡∏∑‡∏≠‡∏ô‡∏£‡∏µ‡∏ö,7.2
33,33,‡∏ó‡∏≥‡πÄ‡∏•‡∏î‡∏µ ‡πÉ‡∏Å‡∏•‡πâmbk ‡∏´‡πâ‡∏≠‡∏á‡∏Å‡∏ß‡πâ‡∏≤‡∏á ‡∏≠‡∏≤‡∏´‡∏≤‡∏£‡πÄ‡∏ä‡πâ‡∏≤‡∏î‡∏µ ‡∏ö‡∏£‡∏¥‡∏Å‡∏≤‡∏£‡∏Ç‡∏≠‡∏á ‡∏û‡∏ô‡∏á ‡∏î‡∏µ ‡∏°‡∏≤‡∏ï‡∏£‡∏Å‡∏≤‡∏£‡πÇ‡∏Ñ‡∏ß‡∏¥‡∏î‡∏î‡∏µ ‡∏Ñ‡∏∏‡πâ‡∏°‡∏Ñ‡πà‡∏≤‡∏Å‡∏±‡∏ö‡∏£‡∏≤‡∏Ñ‡∏≤‡∏ô‡∏µ‡πâ ‡∏ó‡∏µ‡πà‡∏à‡∏≠‡∏î‡∏£‡∏ñ‡∏°‡∏µ‡πÉ‡∏´‡πâ‡πÅ‡∏ï‡πà‡∏à‡∏≠‡∏î‡∏¢‡∏≤‡∏Å‡∏´‡∏ô‡πà‡∏≠‡∏¢‡∏ñ‡πâ‡∏≤‡∏£‡∏ñ‡πÄ‡∏¢‡∏≠‡∏∞,8.4
34,34,‡∏ó‡∏∏‡∏Å‡∏≠‡∏¢‡πà‡∏≤‡∏á‡∏î‡∏µ‡∏´‡∏°‡∏î ‡∏¢‡∏Å‡πÄ‡∏ß‡πâ‡∏ô‡∏™‡∏´‡∏£‡∏±‡∏ê ‡πÄ‡∏•‡πá‡∏Å‡πÅ‡∏•‡∏∞‡∏ô‡πâ‡∏≠‡∏¢‡πÑ‡∏õ‡∏Ñ‡∏£‡∏±‡∏ö,9.6
35,35,‡∏î‡∏µ‡∏ó‡∏∏‡∏Å‡∏≠‡∏¢‡πà‡∏≤‡∏á ‡∏û‡∏ô‡∏±‡∏Å‡∏á‡∏≤‡∏ô‡∏ö‡∏£‡∏¥‡∏Å‡∏≤‡∏£‡∏î‡∏µ‡∏ó‡∏∏‡∏Å‡∏Ñ‡∏ô ‡πÅ‡∏°‡πà‡∏ö‡πâ‡∏≤‡∏ô‡∏Å‡πá‡∏ô‡πà‡∏≤‡∏£‡∏±‡∏Å‡∏°‡∏≤‡∏Å‡∏Ñ‡πà‡∏∞ ‡πÉ‡∏™‡πà‡πÉ‡∏à‡∏•‡∏π‡∏Å‡∏Ñ‡πâ‡∏≤‡∏°‡∏≤‡∏Å‡πÜ,10.0
36,36,‡∏´‡πâ‡∏≠‡∏á‡∏™‡∏∞‡∏≠‡∏≤‡∏î ‡∏Ç‡∏≠‡∏á‡πÉ‡∏ä‡πâ‡∏ó‡∏µ‡πà‡∏à‡∏≥‡πÄ‡∏õ‡πá‡∏ô‡∏Ñ‡∏£‡∏ö ‡πÅ‡∏ï‡πà‡∏ó‡∏µ‡πà‡∏à‡∏≠‡∏î‡∏£‡∏ñ‡∏ô‡πâ‡∏≠‡∏¢‡∏°‡∏≤‡∏Å ‡∏ï‡πâ‡∏≠‡∏á‡∏°‡∏≤‡πÄ‡∏•‡∏∑‡πà‡∏≠‡∏ô‡∏£‡∏ñ‡πÉ‡∏´‡πâ,6.8
37,37,‡∏ó‡∏µ‡πà‡∏û‡∏±‡∏Å‡∏î‡∏µ‡∏Ñ‡∏£‡∏±‡∏ö‡∏£‡∏≤‡∏Ñ‡∏≤‡πÑ‡∏°‡πà‡πÅ‡∏£‡∏á ‡∏£‡∏ß‡∏°‡∏≠‡∏≤‡∏´‡∏≤‡∏£‡πÄ‡∏ä‡πâ‡∏≤ ‡∏ñ‡πâ‡∏≤‡πÄ‡∏õ‡πá‡∏ô‡∏™‡∏°‡∏≤‡∏ó‡∏ó‡∏µ‡∏ß‡∏µ‡∏à‡∏∞‡πÅ‡∏à‡πà‡∏°‡∏™‡∏∏‡∏î‡πÜ‡πÄ‡∏•‡∏¢,9.2
38,38,‡∏´‡∏±‡∏ß‡πÄ‡∏ï‡∏µ‡∏¢‡∏á‡πÄ‡∏ï‡∏µ‡∏¢‡∏á ‡∏°‡∏µ‡πÄ‡∏´‡∏•‡πá‡∏Å‡∏¢‡∏∑‡πà‡∏ô‡∏≠‡∏≠‡∏Å‡∏°‡∏≤ ‡∏ô‡∏¥‡πâ‡∏ß‡πÑ‡∏õ‡πÇ‡∏î‡∏ô ‡∏≠‡∏±‡∏ô‡∏ï‡∏£‡∏≤‡∏¢‡∏°‡∏≤‡∏Å‡∏Ñ‡πà‡∏∞ ‡∏´‡πâ‡∏≠‡∏á 509,5.2
39,39,‡∏ó‡∏µ‡πà‡∏û‡∏±‡∏Å‡∏™‡∏∞‡∏≠‡∏≤‡∏î ‡∏Ñ‡∏∏‡πâ‡∏°‡∏£‡∏≤‡∏Ñ‡∏≤ ‡∏û‡∏ô‡∏±‡∏Å‡∏á‡∏≤‡∏ô‡∏ö‡∏£‡∏¥‡∏Å‡∏≤‡∏£‡∏î‡∏µ‡∏°‡∏≤‡∏Å,10.0
40,40,‡πÉ‡∏´‡πâ 6 ‡πÄ‡∏ï‡πá‡∏° 10 ‡∏ó‡∏∏‡∏Å‡∏≠‡∏¢‡πà‡∏≤‡∏á‡∏î‡∏µ‡∏´‡∏°‡∏î ‡πÅ‡∏ï‡πà‡∏Ç‡∏≠‡∏ï‡∏¥‡πÄ‡∏£‡∏∑‡πà‡∏≠‡∏á‡∏ö‡∏£‡∏¥‡∏Å‡∏≤‡∏£‡∏•‡πà‡∏≤‡∏ä‡πâ‡∏≤‡∏™‡πà‡∏ß‡∏ô‡∏´‡πâ‡∏≠‡∏á‡∏≠‡∏≤‡∏´‡∏≤‡∏£‡∏ä‡πà‡∏ß‡∏á‡∏ö‡πà‡∏≤‡∏¢ ‡∏™‡∏±‡πà‡∏á‡∏≠‡∏≠‡πÄ‡∏î‡∏≠‡∏£‡πå‡∏ó‡∏±‡πâ‡∏á‡∏´‡∏°‡∏î 5 ‡∏≠‡∏¢‡πà‡∏≤‡∏á ‡πÅ‡∏ï‡πà‡πÉ‡∏ä‡πâ‡πÄ‡∏ß‡∏•‡∏≤‡∏£‡∏≠‡πÄ‡∏Å‡∏∑‡∏≠‡∏ö 1 ‡∏ä‡∏±‡πà‡∏ß‡πÇ‡∏°‡∏á ‡∏à‡∏ô‡∏ï‡πâ‡∏≠‡∏á‡∏Ç‡∏≠‡∏´‡πà‡∏≠‡πÉ‡∏™‡πà‡∏Å‡∏•‡πà‡∏≠‡∏á‡∏Ç‡∏∂‡πâ‡∏ô‡πÑ‡∏õ‡∏ó‡∏≤‡∏ô‡∏ö‡∏ô‡∏´‡πâ‡∏≠‡∏á‡∏ä‡πà‡∏ß‡∏á‡πÄ‡∏¢‡πá‡∏ô‡πÄ‡∏û‡∏£‡∏≤‡∏∞‡πÄ‡∏£‡∏≤‡∏°‡∏µ‡∏ò‡∏∏‡∏£‡∏∞‡πÑ‡∏õ‡∏ï‡πà‡∏≠ ‡∏õ‡∏•. ‡∏°‡∏µ‡πÅ‡∏Ñ‡πà‡πÇ‡∏ï‡πä‡∏∞‡∏î‡∏¥‡∏â‡∏±‡∏ô‡∏Ñ‡∏ô‡πÄ‡∏î‡∏µ‡∏¢‡∏ß ‡∏ì ‡πÄ‡∏ß‡∏•‡∏≤‡∏ô‡∏±‡πâ‡∏ô‡∏î‡πâ‡∏ß‡∏¢‡∏Ñ‡πà‡∏∞ ‡∏ô‡πà‡∏≤‡∏ú‡∏¥‡∏î‡∏´‡∏ß‡∏±‡∏á,7.6
41,41,‡∏´‡πâ‡∏≠‡∏á‡πÄ‡∏•‡πá‡∏Å‡πÑ‡∏õ‡∏´‡∏ô‡πà‡∏≠‡∏¢ ‡πÅ‡∏ï‡πà‡∏£‡∏ß‡∏°‡πÜ‡∏î‡∏µ,10.0
42,42,‡∏Ç‡πâ‡∏≤‡∏á‡∏ô‡∏≠‡∏Å‡πÇ‡∏£‡∏á‡πÅ‡∏£‡∏°‡∏î‡∏π‡πÑ‡∏°‡πà‡πÑ‡∏î‡πâ‡πÉ‡∏´‡∏°‡πà‡πÇ‡∏°‡πÄ‡∏î‡∏¥‡∏£‡πå‡∏ô‡∏°‡∏≤‡∏Å‡∏ô‡∏±‡∏Å ‡πÅ‡∏ï‡πà‡∏†‡∏≤‡∏¢‡πÉ‡∏ô‡∏´‡πâ‡∏≠‡∏á‡∏™‡∏∞‡∏≠‡∏≤‡∏î‡∏î‡∏µ‡∏Ñ‡πà‡∏∞ ‡∏°‡∏µ‡πÑ‡∏î‡∏£‡πå‡πÄ‡∏õ‡πà‡∏≤‡∏ú‡∏°‡πÉ‡∏´‡πâ ‡∏°‡∏µ‡∏Ç‡πâ‡∏≤‡∏ß‡πÄ‡∏ä‡πâ‡∏≤‡πÉ‡∏´‡πâ ‡πÇ‡∏î‡∏¢‡∏£‡∏ß‡∏°‡πÜ‡∏Å‡πá‡∏î‡∏µ‡∏Ñ‡πà‡∏∞,9.6
43,43,"‡∏°‡∏≤‡∏ó‡∏∏‡∏Å‡∏Ñ‡∏£‡∏±‡πâ‡∏á‡∏û‡∏±‡∏Å ‡πÉ‡∏ä‡πâ‡∏ö‡∏£‡∏¥‡∏Å‡∏≤‡∏£‡∏ó‡∏µ‡πà‡∏ô‡∏µ‡πà‡∏ï‡∏•‡∏≠‡∏î ‡∏´‡πâ‡∏≠‡∏á‡∏õ‡∏£‡∏±‡∏ö‡∏õ‡∏£‡∏∏‡∏á‡πÉ‡∏´‡∏°‡πà ‡∏™‡∏∞‡∏≠‡∏≤‡∏î ‡πÅ‡∏≠‡∏£‡πå‡πÄ‡∏¢‡πá‡∏ô ‡∏û‡∏ô‡∏±‡∏Å‡∏á‡∏≤‡∏ô,‡πÅ‡∏°‡πà‡∏ö‡πâ‡∏≤‡∏ô‡∏î‡∏µ‡∏°‡∏≤‡∏Å,‡πÑ‡∏°‡πà‡πÑ‡∏Å‡∏•‡∏à‡∏≤‡∏Å bts ‡∏£‡∏≤‡∏ä‡πÄ‡∏ó‡∏ß‡∏µ ,‡∏ï‡∏¥‡∏î‡πÄ‡∏ã‡πÄ‡∏ß‡πà‡∏ô ‡πÄ‡∏î‡∏¥‡∏ô‡πÑ‡∏õ‡πÄ‡∏Ç‡πâ‡∏≤‡∏ã‡∏≠‡∏¢‡πÄ‡∏û‡∏ä‡∏£‡∏ö‡∏∏‡∏£‡∏µ 10 ‡∏Ç‡∏≠‡∏á‡∏Å‡∏¥‡∏ô‡πÄ‡∏¢‡∏≠‡∏∞ ‡∏ï‡∏•‡∏≠‡∏î‡∏ó‡∏±‡πâ‡∏á‡∏ß‡∏±‡∏ô‡∏ó‡∏±‡πâ‡∏á‡∏Ñ‡∏∑‡∏ô",10.0
44,44,‡∏ó‡∏≥‡πÄ‡∏•‡∏î‡∏µ ‡πÉ‡∏Å‡∏•‡πâ‡∏ñ‡∏ô‡∏ô‡πÉ‡∏´‡∏ç‡πà ‡∏ö‡∏£‡∏¥‡∏Å‡∏≤‡∏£‡∏î‡∏µ,10.0
45,45,‡∏´‡πâ‡∏≠‡∏á‡∏û‡∏±‡∏Å‡∏™‡∏∞‡∏≠‡∏≤‡∏î ‡∏™‡∏°‡∏£‡∏≤‡∏Ñ‡∏≤‡∏î‡∏µ ‡πÑ‡∏õ‡∏û‡∏±‡∏Å‡∏ö‡πà‡∏≠‡∏¢ ‡πÄ‡∏î‡∏¥‡∏ô‡∏ó‡∏≤‡∏á‡∏™‡∏∞‡∏î‡∏ß‡∏Å ‡∏û‡∏ô‡∏±‡∏Å‡∏á‡∏≤‡∏ô‡∏ô‡πà‡∏≤‡∏£‡∏±‡∏Å,9.2
46,46,‡∏´‡πâ‡∏≠‡∏á‡∏û‡∏±‡∏Å‡∏™‡∏∞‡∏≠‡∏≤‡∏î ‡∏£‡∏≤‡∏Ñ‡∏≤‡πÑ‡∏°‡πà‡πÅ‡∏û‡∏á‡∏ô‡∏∞‡∏Ñ‡∏£‡∏±‡∏ö ‡∏°‡∏µ‡∏≠‡∏≤‡∏´‡∏≤‡∏£‡πÄ‡∏ä‡πâ‡∏≤‡∏î‡πâ‡∏ß‡∏¢ ‡∏û‡∏ô‡∏±‡∏Å‡∏á‡∏≤‡∏ô‡∏ö‡∏£‡∏¥‡∏Å‡∏≤‡∏£‡∏î‡∏µ‡∏Ñ‡∏£‡∏±‡∏ö ‡∏≠‡∏¢‡∏π‡πà‡πÉ‡∏à‡∏Å‡∏•‡∏≤‡∏á‡πÄ‡∏°‡∏∑‡∏≠‡∏á‡πÄ‡∏•‡∏¢ ‡πÑ‡∏õ‡πÑ‡∏´‡∏ô‡∏°‡∏≤‡πÑ‡∏´‡∏ô‡∏™‡∏∞‡∏î‡∏ß‡∏Å‡∏™‡∏ö‡∏≤‡∏¢,9.6
47,47,‡∏≠‡∏¢‡∏π‡πà‡∏Å‡∏•‡∏≤‡∏á‡πÄ‡∏°‡∏∑‡∏≠‡∏á‡πÄ‡∏î‡∏¥‡∏ô‡∏ó‡∏≤‡∏á‡∏™‡∏∞‡∏î‡∏ß‡∏Å‡∏°‡∏≤‡∏Å ‡πÉ‡∏Å‡∏•‡πâbts(3-400 ‡πÄ‡∏°‡∏ï‡∏£ ‡∏™‡∏≥‡∏´‡∏£‡∏±‡∏ö‡πÄ‡∏£‡∏≤‡πÑ‡∏°‡πà‡πÑ‡∏Å‡∏•‡∏°‡∏≤‡∏Å ‡πÄ‡∏î‡∏¥‡∏ô‡πÑ‡∏î‡πâ) ‡∏ï‡∏¥‡∏î‡∏ñ‡∏ô‡∏ô‡πÉ‡∏´‡∏ç‡πà ‡πÄ‡∏£‡∏µ‡∏¢‡∏Å‡πÅ‡∏ó‡πá‡∏Å‡∏ã‡∏µ‡πà‡∏™‡∏∞‡∏î‡∏ß‡∏Å‡∏°‡∏≤‡∏Å ‡πÑ‡∏°‡πà‡πÄ‡∏õ‡∏•‡∏µ‡πà‡∏¢‡∏ß ‡∏£‡∏∞‡πÅ‡∏ß‡∏Å‡∏ô‡∏±‡πâ‡∏ô‡∏Å‡πá‡∏î‡∏µ ‡∏°‡∏µ‡∏£‡πâ‡∏≤‡∏ô‡∏ô‡∏ß‡∏î 7-11 ‡∏£‡πâ‡∏≤‡∏ô‡∏≠‡∏≤‡∏´‡∏≤‡∏£ ‡∏´‡πâ‡∏≠‡∏á‡πÑ‡∏°‡πà‡πÉ‡∏´‡∏ç‡πà‡∏°‡∏≤‡∏Å ‡πÅ‡∏ï‡πà‡∏Å‡πá‡πÑ‡∏°‡πà‡πÅ‡∏Ñ‡∏ö‡∏à‡∏ô‡πÄ‡∏Å‡∏¥‡∏ô‡πÑ‡∏õ ‡∏´‡πâ‡∏≠‡∏á‡∏ô‡πâ‡∏≥‡∏Å‡πá‡∏î‡∏µ‡πÅ‡∏ï‡πà‡∏•‡πá‡∏≠‡∏Å‡πÑ‡∏°‡πà‡πÑ‡∏î‡πâ ‡∏ã‡∏∂‡πà‡∏á‡πÄ‡∏£‡∏≤‡πÑ‡∏°‡πà‡∏ã‡∏µ‡∏Ñ‡πà‡∏∞ ‡∏°‡∏µ‡πÑ‡∏î‡∏£‡πå‡πÉ‡∏´‡πâ‡∏î‡πâ‡∏ß‡∏¢‡∏î‡∏µ‡∏°‡∏≤‡∏Å ‡∏°‡∏µ‡∏ó‡∏µ‡∏ß‡∏µ wifi‡πÑ‡∏°‡πà‡πÄ‡∏£‡πá‡∏ß‡πÄ‡∏ó‡πà‡∏≤‡πÑ‡∏´‡∏£‡πà ‡∏°‡∏µ‡∏Å‡∏≤‡∏ô‡πâ‡∏≥‡∏£‡πâ‡∏≠‡∏ô ‡∏ï‡∏π‡πâ‡πÄ‡∏¢‡πá‡∏ô‡∏Ç‡∏ô‡∏≤‡∏î‡πÄ‡∏•‡πá‡∏Å ‡∏ï‡∏π‡πâ‡πÄ‡∏ã‡∏ü ‡∏™‡∏£‡∏∏‡∏õ‡πÇ‡∏î‡∏¢‡∏£‡∏ß‡∏°‡∏ä‡∏≠‡∏ö‡∏Ñ‡πà‡∏∞üëç,9.2
48,48,Fabulous,8.4
49,49,‡∏≠‡∏¢‡∏π‡πà‡πÉ‡∏ô‡πÄ‡∏Ç‡∏ï‡∏¢‡πà‡∏≤‡∏ô‡∏ä‡∏∏‡∏°‡∏ä‡∏ô ‡∏´‡∏≤‡∏Å‡∏Ç‡∏≠‡∏á‡∏Å‡∏¥‡∏ô‡∏á‡πà‡∏≤‡∏¢ ‡∏´‡πâ‡∏≠‡∏á‡∏û‡∏±‡∏Å‡∏™‡∏∞‡∏≠‡∏≤‡∏î ‡πÄ‡∏î‡∏¥‡∏ô‡∏ó‡∏≤‡∏á‡∏™‡∏∞‡∏î‡∏ß‡∏Å,8.8
50,50,‡πÄ‡∏Ç‡πâ‡∏≤‡∏´‡πâ‡∏≠‡∏á‡πÑ‡∏õ ‡∏°‡∏µ‡∏ô‡πâ‡∏≥‡∏°‡∏µ‡πÄ‡∏õ‡∏¥‡∏î‡∏î‡∏∑‡πà‡∏°‡πÅ‡∏•‡πâ‡∏ß‡πÑ‡∏õ‡∏Ñ‡∏£‡∏∂‡πà‡∏á‡∏Ç‡∏ß‡∏î ‡∏•‡∏á‡πÑ‡∏õ‡∏ö‡∏≠‡∏Å‡∏û‡∏ô‡∏±‡∏Å‡∏á‡∏≤‡∏ô ‡∏û‡∏ô‡∏±‡∏Å‡∏á‡∏≤‡∏ô‡∏ö‡∏≠‡∏Å ‡πÄ‡∏≠‡πâ‡∏≤‡∏´‡∏£‡∏≠ ‡πÄ‡∏î‡∏µ‡πã‡∏¢‡∏ß‡πÄ‡∏õ‡∏•‡∏µ‡πà‡∏¢‡∏ô‡πÉ‡∏à ‡πÅ‡∏ö‡∏ö‡∏°‡∏±‡∏ô‡∏Å‡πá‡∏ô‡πà‡∏≤‡∏à‡∏∞‡∏Ç‡∏≠‡πÇ‡∏ó‡∏©‡∏™‡∏±‡∏Å‡∏´‡∏ô‡πà‡∏≠‡∏¢ ‡πÑ‡∏°‡πà‡πÉ‡∏ä‡πà‡∏ï‡∏≠‡∏ö‡πÅ‡∏ö‡∏ö‡∏ô‡∏µ‡πâ ‡∏≠‡∏≤‡∏´‡∏≤‡∏£‡πÄ‡∏ä‡πâ‡∏≤‡∏Ñ‡∏ô‡πÅ‡∏ô‡πà‡∏ô‡∏°‡∏≤‡∏Å‡πÜ ‡∏ï‡πâ‡∏≠‡∏á‡∏£‡∏≠‡∏Ñ‡∏¥‡∏ß ‡πÑ‡∏°‡πà‡∏°‡∏µ‡∏Å‡∏≤‡∏£‡πÄ‡∏ß‡πâ‡∏ô‡∏£‡∏∞‡∏¢‡∏∞‡∏´‡πà‡∏≤‡∏á‡πÄ‡∏•‡∏¢ ‡∏≠‡∏≤‡∏´‡∏≤‡∏£‡πÑ‡∏°‡πà‡πÄ‡∏´‡∏°‡∏∑‡∏≠‡∏ô‡∏ó‡∏µ‡πà‡∏î‡∏π‡∏£‡∏µ‡∏ß‡∏¥‡∏ß‡∏°‡∏≤,4.4
51,51,‡∏û‡∏±‡∏Å‡πÄ‡∏õ‡πá‡∏ô‡∏Å‡∏•‡∏∏‡πà‡∏°‡∏Å‡∏±‡∏ö‡πÄ‡∏û‡∏∑‡πà‡∏≠‡∏ô ‡∏´‡πâ‡∏≠‡∏á‡πÉ‡∏´‡∏ç‡πà‡∏°‡∏≤‡∏Å ‡πÄ‡∏ï‡∏µ‡∏¢‡∏á‡∏ô‡∏∏‡πà‡∏° ‡πÇ‡∏£‡∏á‡πÅ‡∏£‡∏°‡∏™‡∏∞‡∏≠‡∏≤‡∏î ‡∏ó‡∏≥‡πÄ‡∏•‡∏ï‡∏¥‡∏î‡∏ñ‡∏ô‡∏ô ‡πÄ‡∏î‡∏¥‡∏ô‡∏à‡∏≤‡∏Å bts ‡∏£‡∏≤‡∏ä‡πÄ‡∏ó‡∏ß‡∏µ‡∏õ‡∏£‡∏∞‡∏°‡∏≤‡∏ì 5 ‡∏ô‡∏≤‡∏ó‡∏µ ‡∏≠‡∏¢‡∏π‡πà‡πÉ‡∏Å‡∏•‡πâ‡∏£‡πâ‡∏≤‡∏ô‡πÄ‡∏à‡πä‡∏Å‡πâ‡∏≠‡∏¢ ‡∏≠‡∏≤‡∏´‡∏≤‡∏£‡πÄ‡∏ä‡πâ‡∏≤ ‡∏°‡∏µ‡πÅ‡∏Ñ‡πà‡∏Ç‡πâ‡∏≤‡∏ß ‡∏Ç‡∏ô‡∏°‡∏õ‡∏±‡∏á‡∏Å‡∏±‡∏ö‡∏ô‡πâ‡∏≥‡∏ô‡∏¥‡∏î‡∏´‡∏ô‡πà‡∏≠‡∏¢ ‡πÑ‡∏°‡πà‡πÑ‡∏î‡πâ‡πÄ‡∏õ‡πá‡∏ô‡∏ö‡∏∏‡∏ü‡πÄ‡∏ü‡πà‡∏ï‡πå‡∏Ñ‡πà‡∏∞,10.0
52,52,‡∏ó‡∏≥‡πÄ‡∏•‡∏î‡∏µ‡πÅ‡∏ï‡πà ‡∏´‡πâ‡∏≠‡∏á‡πÑ‡∏°‡πà‡∏™‡∏∞‡∏≠‡∏≤‡∏î,3.6
53,53,‡∏≠‡∏≤‡∏´‡∏≤‡∏£‡πÄ‡∏ä‡πâ‡∏≤‡∏ü‡∏£‡∏µ ‡∏≠‡∏£‡πà‡∏≠‡∏¢‡∏°‡∏≤‡∏Å,10.0
54,54,‡∏´‡πâ‡∏≠‡∏á‡∏û‡∏±‡∏Å‡∏™‡∏∞‡∏≠‡∏≤‡∏î ‡∏û‡∏ô‡∏±‡∏Å‡∏á‡∏≤‡∏ô‡∏ö‡∏£‡∏¥‡∏Å‡∏≤‡∏£‡∏î‡∏µ,10.0
55,55,‡∏£‡∏ß‡∏°‡πÜ‡∏Å‡πá‡πÇ‡∏≠‡πÄ‡∏Ñ‡∏Ñ‡∏£‡∏±‡∏ö ‡∏û‡∏ô‡∏±‡∏Å‡∏á‡∏≤‡∏ô‡∏ö‡∏£‡∏¥‡∏Å‡∏≤‡∏£‡∏î‡∏µ‡∏°‡∏≤‡∏Å‡πÜ ‡πÅ‡∏ï‡πà‡∏´‡πâ‡∏≠‡∏á‡πÑ‡∏°‡πà‡πÇ‡∏≠‡∏Ñ‡πÄ‡∏•‡∏¢‡πÄ‡∏Ç‡πâ‡∏≤‡πÑ‡∏õ‡πÅ‡∏•‡πâ‡∏ß‡πÄ‡∏à‡∏≠‡∏ó‡∏±‡πâ‡∏á‡πÄ‡∏®‡∏©‡∏ú‡∏° ‡πÄ‡∏à‡∏≠‡∏ó‡∏±‡πâ‡∏á‡∏ù‡∏∏‡πà‡∏ô ‡∏°‡∏µ‡∏Å‡∏£‡∏∞‡∏î‡∏≤‡∏©‡∏™‡∏•‡∏µ‡∏õ‡∏Ç‡∏≠‡∏á‡∏•‡∏π‡∏Å‡∏Ñ‡πâ‡∏≤‡πÄ‡∏Å‡πà‡∏≤‡∏ï‡∏Å‡∏≠‡∏¢‡∏π‡πà‡∏Å‡πá‡πÑ‡∏°‡πà‡πÄ‡∏Å‡πá‡∏ö,8.0
56,56,‡∏£‡∏ß‡∏°‡πÜ‡πÜ‡πÅ‡∏•‡πâ‡∏ß‡∏î‡∏µ‡∏Ñ‡πà‡∏∞ ‡∏û‡∏±‡∏Å‡∏™‡∏≠‡∏á‡∏£‡∏≠‡∏ö‡πÅ‡∏•‡πâ‡∏ß‡∏¢‡∏±‡∏á‡∏õ‡∏£‡∏∞‡∏ó‡∏±‡∏ö‡πÉ‡∏à‡∏≠‡∏¢‡∏π‡πà ‡πÅ‡∏ï‡πà‡∏£‡∏≠‡∏ö‡πÅ‡∏£‡∏Å‡∏õ‡∏£‡∏∞‡∏ó‡∏±‡∏ö‡πÉ‡∏à‡∏°‡∏≤‡∏Å‡∏Å‡∏ß‡πà‡∏≤‡∏£‡∏≠‡∏ö‡∏ô‡∏µ‡πâ,8.4
57,57,‡πÉ‡∏ô‡∏£‡∏π‡∏õ‡∏î‡∏π‡∏´‡πâ‡∏≠‡∏á‡∏™‡∏ß‡∏¢ ‡πÅ‡∏ï‡πà‡πÑ‡∏õ‡∏à‡∏£‡∏¥‡∏á‡πÑ‡∏°‡πà‡∏ï‡∏£‡∏á‡∏õ‡∏Å ‡πÄ‡∏û‡∏£‡∏≤‡∏∞‡∏∞‡πÄ‡∏Å‡πà‡∏≤‡∏°‡∏≤‡∏Å ‡πÅ‡∏ï‡πà‡∏Å‡πá‡∏ñ‡∏∑‡∏≠‡∏ß‡πà‡∏≤‡∏£‡∏≤‡∏Ñ‡∏≤‡∏Å‡∏±‡∏ö‡∏´‡πâ‡∏≠‡∏á‡∏û‡∏≠‡∏£‡∏±‡∏ö‡πÑ‡∏î‡πâ ‡πÅ‡∏ï‡πà‡∏Ñ‡∏ß‡∏≤‡∏°‡∏™‡∏∞‡∏≠‡∏≤‡∏î‡∏Ñ‡∏∑‡∏≠‡πÑ‡∏°‡πà‡πÑ‡∏î‡πâ‡πÄ‡∏•‡∏¢ ‡πÉ‡∏ô‡∏´‡πâ‡∏≠‡∏á‡∏°‡∏µ‡πÅ‡∏ï‡πà‡∏ù‡∏∏‡πà‡∏ô ‡πÄ‡∏´‡πá‡∏ô‡∏ï‡∏±‡πâ‡∏á‡πÇ‡∏õ‡∏£‡∏•‡∏î‡∏à‡∏≤‡∏Å3000 ‡∏û‡∏±‡∏ô‡∏Å‡∏ß‡πà‡∏≤ ‡∏ï‡∏±‡πâ‡∏á‡πÇ‡∏õ‡∏£‡∏Ñ‡πà‡∏≠‡∏ô‡∏Ç‡πâ‡∏≤‡∏á‡πÄ‡∏Å‡∏¥‡∏ô‡∏à‡∏£‡∏¥‡∏á ‡∏Å‡πá‡πÄ‡∏•‡∏¢‡∏Ñ‡∏≤‡∏î‡∏´‡∏ß‡∏±‡∏á ‡∏ó‡∏≥‡πÉ‡∏´‡πâ‡∏ú‡∏¥‡∏î‡∏´‡∏ß‡∏±‡∏á‡∏ô‡∏¥‡∏î‡∏´‡∏ô‡πà‡∏≠‡∏¢‡∏Ñ‡πà‡∏∞,3.2
58,58,‡∏´‡πâ‡∏≠‡∏á‡∏û‡∏±‡∏Å‡∏à‡∏£‡∏¥‡∏á‡πÑ‡∏°‡πà‡πÄ‡∏´‡∏°‡∏∑‡∏≠‡∏ô‡∏Å‡∏±‡∏ô‡∏£‡∏π‡∏õ‡∏ó‡∏µ‡πà‡πÇ‡∏ä‡∏ß‡πå ‡πÉ‡∏ô‡∏´‡πâ‡∏≠‡∏á‡∏°‡∏µ‡∏Å‡∏•‡∏¥‡πà‡∏ô‡∏≠‡∏±‡∏ö‡∏Ñ‡∏•‡πâ‡∏≤‡∏¢‡∏Å‡∏•‡∏¥‡πà‡∏ô‡∏ö‡∏∏‡∏´‡∏£‡∏µ‡πà ‡∏ó‡∏≥‡πÉ‡∏´‡πâ‡πÄ‡∏ß‡∏µ‡∏¢‡∏ô‡∏´‡∏±‡∏ß ‡∏´‡πâ‡∏≠‡∏á‡∏ó‡∏µ‡πà‡πÄ‡∏£‡∏≤‡πÑ‡∏î‡πâ‡∏û‡∏±‡∏Å‡πÄ‡∏õ‡πá‡∏ô‡πÄ‡∏ï‡∏µ‡∏¢‡∏á‡∏Ñ‡∏π‡πà ‡∏ã‡∏∂‡πà‡∏á‡πÄ‡∏ï‡∏µ‡∏¢‡∏á‡πÄ‡∏•‡πá‡∏Å ‡∏ô‡∏≠‡∏ô‡∏Ñ‡∏∑‡∏≠‡∏û‡∏≠‡∏î‡∏µ‡∏ï‡∏±‡∏ß ‡∏≠‡∏≤‡∏´‡∏≤‡∏£‡πÄ‡∏ä‡πâ‡∏≤‡∏ü‡∏£‡∏µ‡∏°‡∏µ‡πÅ‡∏Ñ‡πà‡∏≠‡∏¢‡πà‡∏≤‡∏á‡πÄ‡∏î‡∏µ‡∏¢‡∏ß ‡πÑ‡∏°‡πà‡∏°‡∏µ‡∏ï‡∏±‡∏ß‡πÄ‡∏•‡∏∑‡∏≠‡∏Å‡πÉ‡∏´‡πâ ‡∏´‡∏≤‡∏Å‡πÄ‡∏£‡∏≤‡πÄ‡∏õ‡πá‡∏ô‡∏Ñ‡∏ô‡∏Å‡∏¥‡∏ô‡πÄ‡∏ú‡πá‡∏î‡πÑ‡∏°‡πà‡πÑ‡∏î‡πâ‡∏Ñ‡∏∑‡∏≠‡∏à‡∏ö ‡∏≠‡∏î‡∏Å‡∏¥‡∏ô,6.8
59,59,‡∏û‡∏ô‡∏±‡∏Å‡∏á‡∏≤‡∏ô‡∏ö‡∏£‡∏¥‡∏Å‡∏≤‡∏£‡∏î‡∏µ‡∏°‡∏≤‡∏Å‡∏õ‡∏£‡∏∞‡∏ó‡∏±‡∏ö‡πÉ‡∏à‡∏ï‡∏±‡πâ‡∏á‡πÅ‡∏ï‡πà‡∏Ñ‡∏£‡∏±‡πâ‡∏á‡πÅ‡∏£‡∏Å ‡πÅ‡∏°‡πà‡∏ö‡πâ‡∏≤‡∏ô‡∏£‡∏±‡∏Å‡∏©‡∏≤‡∏Ñ‡∏ß‡∏≤‡∏°‡∏™‡∏∞‡∏≠‡∏≤‡∏î‡∏ó‡∏≥‡∏Ñ‡∏ß‡∏≤‡∏°‡∏™‡∏∞‡∏≠‡∏≤‡∏î‡∏î‡∏µ‡∏°‡∏≤‡∏Å ‡∏Ñ‡∏∑‡∏≠‡∏ó‡∏∏‡∏Å‡∏≠‡∏¢‡πà‡∏≤‡∏á‡∏î‡∏µ‡∏´‡∏°‡∏î‡πÉ‡∏ô‡∏£‡∏≤‡∏Ñ‡∏≤‡∏ô‡∏µ‡πâ ‡∏°‡∏µ‡∏£‡∏≠‡∏ö‡∏™‡∏≠‡∏á‡πÅ‡∏ô‡πà‡∏ô‡∏≠‡∏ô ‡πÅ‡∏ô‡∏∞‡∏ô‡∏≥‡πÄ‡∏•‡∏¢‡∏Ñ‡πà‡∏∞‡πÉ‡∏Å‡∏•‡πâ‡∏ö‡∏µ‡∏ó‡∏µ‡πÄ‡∏≠‡∏™‡πÉ‡∏Å‡∏•‡πâ‡∏ï‡∏•‡∏≤‡∏î‡∏™‡∏∞‡∏î‡∏ß‡∏Å‡∏°‡∏≤‡∏Å‡∏Å‡∏Å‡∏Å‡∏Å,9.2
60,60,‡∏ó‡∏µ‡πà‡∏û‡∏±‡∏Å‡∏™‡∏∞‡∏î‡∏ß‡∏Å ‡∏™‡∏ö‡∏≤‡∏¢ ‡∏™‡∏∞‡∏≠‡∏≤‡∏î ‡∏û‡∏ô‡∏±‡∏Å‡∏á‡∏≤‡∏ô‡∏ö‡∏£‡∏¥‡∏Å‡∏≤‡∏£‡∏î‡∏µ,10.0
61,61,‡∏´‡πâ‡∏≠‡∏á‡πÉ‡∏´‡∏ç‡πà ‡∏™‡∏∞‡∏≠‡∏≤‡∏î‡πÅ‡∏≠‡∏£‡πå‡πÄ‡∏¢‡πá‡∏ô ‡∏û‡∏ô‡∏±‡∏Å‡∏á‡∏≤‡∏ô‡∏ï‡πâ‡∏≠‡∏ô‡∏£‡∏±‡∏ö‡∏ú‡∏π‡πâ‡∏ä‡∏≤‡∏¢‡∏ï‡πâ‡∏≠‡∏ô‡∏£‡∏±‡∏ö‡∏î‡∏µ ‡∏û‡∏π‡∏î‡πÄ‡∏û‡∏£‡∏≤‡∏∞‡∏≠‡∏≥‡∏ô‡∏ß‡∏¢‡∏Ñ‡∏ß‡∏≤‡∏°‡∏™‡∏∞‡∏î‡∏ß‡∏Å‡∏î‡∏µ‡∏°‡∏≤‡∏Å ‡πÅ‡∏ï‡πà‡∏Ç‡∏≠‡∏ï‡∏±‡∏î‡∏Ñ‡∏∞‡πÅ‡∏ô‡∏ô‡∏ï‡∏£‡∏á‡∏≠‡∏≤‡∏´‡∏≤‡∏£‡πÄ‡∏ä‡πâ‡∏≤ ‡∏ô‡πà‡∏≤‡∏à‡∏∞‡∏°‡∏µ‡∏ú‡∏•‡πÑ‡∏°‡πâ ‡∏ô‡∏° ‡∏´‡∏£‡∏∑‡∏≠‡∏Ç‡∏≠‡∏á‡∏´‡∏ß‡∏≤‡∏ô‡∏ö‡πâ‡∏≤‡∏á,9.2
62,62,‡∏´‡πâ‡∏≠‡∏á family deluxe ‡πÉ‡∏´‡∏ç‡πà‡∏°‡∏≤‡∏Å ‡πÄ‡∏´‡∏°‡∏≤‡∏∞‡∏Å‡∏±‡∏ö‡∏Å‡∏≤‡∏£‡πÄ‡∏Ç‡πâ‡∏≤‡∏û‡∏±‡∏Å‡πÄ‡∏õ‡πá‡∏ô‡∏Å‡∏•‡∏∏‡πà‡∏° ‡∏≠‡∏¢‡∏π‡πà‡∏ï‡∏¥‡∏î‡∏ñ‡∏ô‡∏ô‡πÉ‡∏´‡∏ç‡πà‡πÄ‡∏î‡∏¥‡∏ô‡∏ó‡∏≤‡∏á‡∏á‡πà‡∏≤‡∏¢ ‡∏´‡∏≤‡πÇ‡∏£‡∏á‡πÅ‡∏£‡∏°‡πÑ‡∏î‡πâ‡∏á‡πà‡∏≤‡∏¢ ‡πÄ‡∏î‡∏¥‡∏ô‡πÑ‡∏õBTS‡πÑ‡∏î‡πâ‡πÑ‡∏°‡πà‡πÑ‡∏Å‡∏• ‡∏°‡∏µ‡∏ó‡∏µ‡πà‡∏à‡∏≠‡∏î‡∏£‡∏ñ ‡∏û‡∏ô‡∏±‡∏Å‡∏á‡∏≤‡∏ô‡∏ö‡∏£‡∏¥‡∏Å‡∏≤‡∏£‡∏î‡∏µ ‡∏°‡∏µ‡∏£‡πâ‡∏≤‡∏ô‡∏≠‡∏≤‡∏´‡∏≤‡∏£ ‡∏£‡πâ‡∏≤‡∏ô‡∏Ç‡∏≤‡∏¢‡∏Ç‡∏≠‡∏á‡∏ä‡∏≥‡πÉ‡∏Å‡∏•‡πâ‡πÜ,10.0
63,63,‡∏ó‡∏µ‡πà‡∏û‡∏±‡∏Å‡∏î‡∏µ‡∏°‡∏≤‡∏Å ‡∏ö‡∏£‡∏¥‡∏Å‡∏≤‡∏£‡∏î‡∏µ‡∏°‡∏≤‡∏Å ‡∏û‡∏ô‡∏±‡∏Å‡∏á‡∏≤‡∏ô‡∏ï‡πâ‡∏≠‡∏ô‡∏£‡∏±‡∏ö‡∏î‡∏µ‡∏°‡∏≤‡∏Å ‡πÉ‡∏Ñ‡∏£‡∏°‡∏≤‡∏ó‡∏≥‡∏á‡∏≤‡∏ô‡πÅ‡∏ñ‡∏ß‡πÜ ‡∏ô‡∏µ‡πâ ‡∏û‡∏±‡∏Å‡∏ó‡∏µ‡πà‡∏ô‡∏µ‡πâ‡∏™‡∏∞‡∏î‡∏ß‡∏Å‡∏°‡∏≤‡∏Å‡πÜ ‡∏ó‡∏±‡πâ‡∏á‡∏Å‡∏≤‡∏£‡πÄ‡∏î‡∏¥‡∏ô‡∏ó‡∏≤‡∏á ‡∏≠‡∏≤‡∏´‡∏≤‡∏£ ‡∏™‡∏∞‡∏î‡∏ß‡∏Å ‡∏™‡∏∞‡∏≠‡∏≤‡∏î ‡πÅ‡∏•‡∏∞‡∏õ‡∏•‡∏≠‡∏î‡∏†‡∏±‡∏¢‡∏Ñ‡πà‡∏∞,10.0
64,64,‡∏™‡∏∞‡∏≠‡∏≤‡∏î ‡∏™‡∏∞‡∏î‡∏ß‡∏Å ‡πÉ‡∏Å‡∏•‡πâ‡πÅ‡∏´‡∏•‡πà‡∏á‡∏≠‡∏≤‡∏´‡∏≤‡∏£ ‡πÉ‡∏Å‡∏•‡πâ‡πÅ‡∏´‡∏•‡πà‡∏á ‡∏ä‡πä‡∏≠‡∏õ‡∏õ‡∏¥‡πâ‡∏á ‡πÉ‡∏Å‡∏•‡πâ bts,10.0
65,65,‡∏û‡∏ô‡∏±‡∏Å‡∏á‡∏≤‡∏ô‡∏ö‡∏£‡∏¥‡∏Å‡∏≤‡∏£‡∏î‡∏µ‡∏°‡∏≤‡∏Å‡πÜ‡∏Ñ‡πà‡∏∞ ‡πÄ‡∏£‡∏≤‡πÑ‡∏õ‡∏ñ‡∏∂‡∏á‡∏Å‡πà‡∏≠‡∏ô‡πÄ‡∏ß‡∏•‡∏≤‡πÄ‡∏ä‡πá‡∏Ñ‡∏≠‡∏¥‡∏ô ‡∏û‡∏ô‡∏±‡∏Å‡∏á‡∏≤‡∏ô‡∏´‡∏≤‡∏´‡πâ‡∏≠‡∏á‡∏û‡∏±‡∏Å‡πÉ‡∏´‡πâ‡πÄ‡∏Ç‡πâ‡∏≤‡∏û‡∏±‡∏Å‡πÑ‡∏î‡πâ‡∏ó‡∏±‡∏ô‡∏ó‡∏µ ‡∏ñ‡πâ‡∏≤‡∏°‡∏µ‡πÇ‡∏≠‡∏Å‡∏≤‡∏™‡∏à‡∏∞‡∏Å‡∏•‡∏±‡∏ö‡πÑ‡∏õ‡∏û‡∏±‡∏Å‡∏≠‡∏µ‡∏Å‡∏Ñ‡∏£‡∏±‡πâ‡∏á‡∏Ñ‡πà‡∏∞,8.8
66,66,10/10 ‡∏ó‡∏∏‡∏Å‡∏î‡πâ‡∏≤‡∏ô‡∏Ñ‡πà‡∏∞ ‡∏™‡∏∞‡∏î‡∏ß‡∏Å ‡∏™‡∏∞‡∏≠‡∏≤‡∏î ‡πÅ‡∏•‡∏∞‡∏õ‡∏•‡∏≠‡∏î‡∏†‡∏±‡∏¢‡∏Ñ‡πà‡∏∞,10.0
67,67,‡∏´‡πâ‡∏≠‡∏á‡∏Å‡∏ß‡πâ‡∏≤‡∏á ‡∏™‡∏∞‡∏≠‡∏≤‡∏î‡∏î‡∏µ ‡∏°‡∏µ‡πÄ‡∏ã‡πÄ‡∏ß‡πà‡∏ô‡∏Å‡∏±‡∏ö‡∏≠‡πÄ‡∏°‡∏ã‡∏≠‡∏•‡∏≠‡∏¢‡∏π‡πà‡πÉ‡∏Å‡∏•‡πâ,9.2
68,68,‡πÅ‡∏¢‡πà,2.0
69,69,‡∏´‡πâ‡∏≠‡∏á‡∏û‡∏±‡∏Å‡∏Å‡∏ß‡πâ‡∏≤‡∏á ‡∏°‡∏µ‡∏û‡∏∑‡πâ‡∏ô‡∏ó‡∏µ‡πà‡∏™‡∏≥‡∏´‡∏£‡∏±‡∏ö‡∏ß‡∏≤‡∏á‡∏™‡∏±‡∏°‡∏†‡∏≤‡∏£‡∏∞ ‡∏™‡∏∞‡∏≠‡∏≤‡∏î ‡∏û‡∏ô‡∏±‡∏Å‡∏á‡∏≤‡∏ô‡πÄ‡∏õ‡πá‡∏ô‡∏Å‡∏±‡∏ô‡πÄ‡∏≠‡∏á ‡πÅ‡∏•‡∏∞‡∏™‡∏ñ‡∏≤‡∏ô‡∏ó‡∏µ‡πà‡∏ï‡∏±‡πâ‡∏á‡πÑ‡∏°‡πà‡πÑ‡∏Å‡∏•‡∏à‡∏≤‡∏Å‡∏™‡∏ñ‡∏≤‡∏ô‡∏µ‡∏ö‡∏µ‡∏ó‡∏µ‡πÄ‡∏≠‡∏™‡∏£‡∏≤‡∏ä‡πÄ‡∏ó‡∏ß‡∏µ ‡∏™‡∏≤‡∏°‡∏≤‡∏£‡∏ñ‡πÄ‡∏î‡∏¥‡∏ô‡πÑ‡∏î‡πâ,10.0
70,70,‡∏ó‡∏£‡∏¥‡∏õ‡∏ô‡∏µ‡πâ‡∏°‡∏µ‡πÄ‡∏£‡∏∑‡πà‡∏≠‡∏á‡πÄ‡∏î‡∏µ‡∏¢‡∏ß‡∏ó‡∏µ‡πà‡∏Ç‡∏≠‡∏ï‡∏¥‡∏Ñ‡∏∑‡∏≠‡∏ô‡πâ‡∏≥‡∏ù‡∏±‡∏Å‡∏ö‡∏±‡∏ß‡πÑ‡∏´‡∏•‡πÑ‡∏°‡πà‡πÅ‡∏£‡∏á‡∏Ñ‡πà‡∏∞,9.6
71,71,‡∏™‡∏∞‡∏≠‡∏≤‡∏î ‡∏™‡∏∞‡∏î‡∏ß‡∏Å ‡∏õ‡∏•‡∏≠‡∏î‡∏†‡∏±‡∏¢ ‡πÅ‡∏•‡∏∞‡∏û‡∏ô‡∏±‡∏Å‡∏á‡∏≤‡∏ô‡πÉ‡∏´‡πâ‡∏ö‡∏£‡∏¥‡∏Å‡∏≤‡∏£‡∏î‡∏µ‡∏°‡∏≤‡∏Å‡πÜ ‡∏Ñ‡πà‡∏∞ ‡∏õ‡∏£‡∏Å‡∏ï‡∏¥‡∏û‡∏±‡∏Å‡∏ó‡∏µ‡πà‡∏≠‡∏∑‡πà‡∏ô‡πÜ ‡∏ñ‡πâ‡∏≤‡∏û‡∏•‡∏≤‡∏î‡∏≠‡∏≤‡∏´‡∏≤‡∏£‡πÄ‡∏ä‡πâ‡∏≤‡∏Å‡πá‡∏à‡∏∞‡∏ú‡πà‡∏≤‡∏ô‡πÑ‡∏õ‡πÅ‡∏ï‡πà‡∏ó‡∏µ‡πà‡∏ô‡∏µ‡πà‡∏Ñ‡∏∑‡∏≠‡πÇ‡∏ó‡∏£‡∏°‡∏≤‡∏™‡∏≠‡∏ö‡∏ñ‡∏≤‡∏°‡πÅ‡∏•‡∏∞‡∏°‡∏µ‡πÉ‡∏™‡πà‡∏Å‡∏•‡πà‡∏≠‡∏á‡πÄ‡∏Å‡πá‡∏ö‡πÑ‡∏ß‡πâ‡πÉ‡∏´‡πâ‡∏î‡πâ‡∏ß‡∏¢‡∏Ñ‡πà‡∏∞...‡∏î‡∏µ‡∏°‡∏≤‡∏Å‡πÜ ‡πÅ‡∏ô‡∏∞‡∏ô‡∏≥‡∏Ñ‡πà‡∏∞,10.0
72,72,‡∏£‡∏π‡πâ‡∏™‡∏∂‡∏Å‡∏ß‡πà‡∏≤‡∏´‡πâ‡∏≠‡∏á‡∏û‡∏±‡∏Å‡πÑ‡∏°‡πà‡∏Ñ‡πà‡∏≠‡∏¢‡∏™‡∏∞‡∏≠‡∏≤‡∏î‡∏Ñ‡∏£‡∏±‡∏ö ‡∏°‡∏µ‡πÄ‡∏™‡πâ‡∏ô‡∏ú‡∏°‡∏à‡∏≥‡∏ô‡∏ß‡∏ô‡∏°‡∏≤‡∏Å‡∏ï‡∏¥‡∏î‡∏≠‡∏¢‡∏π‡πà‡∏ï‡∏≤‡∏°‡∏´‡∏°‡∏≠‡∏ô ‡∏ó‡∏µ‡πà‡∏ô‡∏≠‡∏ô ‡πÅ‡∏•‡∏∞‡πÉ‡∏ô‡∏´‡πâ‡∏≠‡∏á‡∏ô‡πâ‡∏≥ ‡πÇ‡∏ï‡πä‡∏∞‡∏ó‡∏µ‡πà‡∏ï‡∏¥‡∏î‡∏≠‡∏¢‡∏π‡πà‡∏Å‡∏±‡∏ö‡∏ó‡∏µ‡∏ß‡∏µ‡πÄ‡∏•‡∏≠‡∏∞ ‡∏û‡∏ö‡∏Ç‡∏ß‡∏î‡πÇ‡∏ã‡∏î‡∏≤‡∏≠‡∏¢‡∏π‡πà‡πÉ‡∏ï‡πâ‡∏ó‡∏µ‡πà‡∏ô‡∏≠‡∏ô ‡∏ó‡∏±‡πâ‡∏á‡∏´‡∏°‡∏î‡∏ó‡∏µ‡πà‡∏û‡∏ö‡∏°‡∏≤‡∏ó‡∏≥‡πÉ‡∏´‡πâ‡∏£‡∏π‡πâ‡∏™‡∏∂‡∏Å‡∏£‡∏≤‡∏ß‡∏Å‡∏±‡∏ö‡∏ß‡πà‡∏≤‡πÑ‡∏°‡πà‡∏°‡∏µ‡∏Å‡∏≤‡∏£‡∏ó‡∏≥‡∏Ñ‡∏ß‡∏≤‡∏°‡∏™‡∏∞‡∏≠‡∏≤‡∏î‡∏≠‡∏¢‡πà‡∏≤‡∏á‡∏î‡∏µ‡∏´‡∏•‡∏±‡∏á‡∏à‡∏≤‡∏Å‡∏ó‡∏µ‡πà‡πÅ‡∏Ç‡∏Å‡∏Ñ‡∏ô‡∏Å‡πà‡∏≠‡∏ô‡πÄ‡∏ä‡πá‡∏Ñ‡πÄ‡∏≠‡∏≤‡∏ó‡πå‡πÑ‡∏õ ‡∏Ç‡∏≠‡πÉ‡∏´‡πâ‡∏õ‡∏£‡∏±‡∏ö‡∏õ‡∏£‡∏∏‡∏á‡∏î‡πâ‡∏ß‡∏¢‡∏ô‡∏∞‡∏Ñ‡∏£‡∏±‡∏ö ‡∏ñ‡πâ‡∏≤‡∏°‡∏µ‡πÇ‡∏≠‡∏Å‡∏≤‡∏™‡∏à‡∏∞‡∏Å‡∏•‡∏±‡∏ö‡∏°‡∏≤‡∏û‡∏±‡∏Å‡∏≠‡∏µ‡∏Å‡∏Ñ‡∏£‡∏±‡∏ö,5.2
73,73,‡πÄ‡∏™‡∏µ‡∏¢‡∏á‡∏£‡∏ñ‡∏Ñ‡πà‡∏≠‡∏ô‡∏Ç‡πâ‡∏≤‡∏á‡∏î‡∏±‡∏á ‡πÄ‡∏ô‡∏∑‡πà‡∏≠‡∏á‡∏à‡∏≤‡∏Å‡∏ï‡∏±‡∏ß‡πÇ‡∏£‡∏á‡πÅ‡∏£‡∏°‡∏ï‡∏¥‡∏î‡∏Å‡∏±‡∏ö‡∏ñ‡∏ô‡∏ô ‡πÅ‡∏ï‡πà‡∏ó‡∏≥‡πÄ‡∏•‡∏ó‡∏µ‡πà‡∏ï‡∏±‡πâ‡∏á‡∏î‡∏µ‡πÉ‡∏Å‡∏•‡πâ‡∏ö‡∏µ‡∏ó‡∏µ‡πÄ‡∏≠‡∏™ ‡πÄ‡∏î‡∏¥‡∏ô‡∏ó‡∏≤‡∏á‡∏™‡∏∞‡∏î‡∏ß‡∏Å,6.4
74,74,‡πÄ‡∏á‡∏µ‡∏¢‡∏ö‡∏™‡∏á‡∏ö‡πÄ‡∏´‡∏°‡∏≤‡∏∞‡∏Å‡∏±‡∏ö‡∏Ñ‡∏ô‡∏ó‡∏µ‡πà‡∏ï‡πÄ‡∏≠‡∏á‡∏Å‡∏≤‡∏£‡πÉ‡∏ä‡πâ‡∏™‡∏°‡∏≤‡∏ò‡∏¥‡πÉ‡∏ô‡∏Å‡∏≤‡∏£‡∏ó‡∏≥‡∏á‡∏≤‡∏ô ‡∏û‡∏ô‡∏±‡∏Å‡∏á‡∏≤‡∏ô‡∏ö‡∏£‡∏¥‡∏Å‡∏≤‡∏£‡∏î‡∏µ ‡πÄ‡∏õ‡πá‡∏ô‡∏Å‡∏±‡∏ô‡πÄ‡∏≠‡∏á‡∏°‡∏≤‡∏Å‡∏Ñ‡∏£‡∏±‡∏ö,10.0
75,75,‡∏£‡∏≤‡∏Ñ‡∏≤‡∏´‡πâ‡∏≠‡∏á‡πÑ‡∏°‡πà‡πÅ‡∏û‡∏á ‡∏´‡πâ‡∏≠‡∏á‡πÑ‡∏°‡πà‡πÄ‡∏Å‡πà‡∏≤ ‡∏≠‡∏≤‡∏´‡∏≤‡∏£‡πÄ‡∏ä‡πâ‡∏≤‡∏î‡∏µ‡∏Ñ‡πà‡∏∞,8.0
76,76,‡πÇ‡∏≠‡πÄ‡∏Ñ‡∏Ñ‡πà‡∏∞,5.6
77,77,‡πÄ‡∏ô‡∏∑‡πà‡∏≠‡∏á‡∏à‡∏≤‡∏Å‡∏ó‡∏≥‡∏à‡∏≠‡∏á‡πÄ‡∏Ç‡πâ‡∏≤‡∏û‡∏±‡∏Å‡∏Å‡∏±‡∏ö Agoda 2 ‡∏ß‡∏±‡∏ô ‡πÅ‡∏ï‡πà‡∏û‡∏ô‡∏±‡∏Å‡∏á‡∏≤‡∏ô‡∏Ñ‡∏¥‡∏î‡∏ß‡πà‡∏≤‡πÄ‡∏õ‡πá‡∏ô‡∏ß‡∏±‡∏ô‡πÄ‡∏î‡∏µ‡∏¢‡∏ß ‡πÅ‡∏•‡∏∞ Lock ‡∏´‡πâ‡∏≠‡∏á‡πÑ‡∏°‡πà‡∏™‡∏≤‡∏°‡∏≤‡∏£‡∏ñ‡πÉ‡∏ä‡πâ key Card ‡∏ú‡πà‡∏≤‡∏ô‡∏õ‡∏£‡∏∞‡∏ï‡∏π‡πÄ‡∏Ç‡πâ‡∏≤‡πÑ‡∏õ‡πÑ‡∏î‡πâ‡∏ó‡∏≥‡πÉ‡∏´‡πâ‡πÄ‡∏™‡∏µ‡∏¢‡πÄ‡∏ß‡∏•‡∏≤‡πÉ‡∏ô‡∏Å‡∏≤‡∏£‡∏Ç‡∏∂‡πâ‡∏ô‡∏•‡∏á‡∏°‡∏≤‡∏ï‡∏¥‡∏î‡∏ï‡πà‡∏≠,6.8
78,78,‡∏ï‡∏±‡πâ‡∏á‡∏≠‡∏¢‡∏π‡πà‡πÉ‡∏ô‡∏à‡∏∏‡∏î‡∏ó‡∏µ‡πà‡πÄ‡∏î‡∏¥‡∏ô‡∏ó‡∏≤‡∏á‡πÑ‡∏õ‡∏°‡∏≤‡∏™‡∏∞‡∏î‡∏ß‡∏Å‡∏°‡∏≤‡∏Å ‡∏´‡πâ‡∏≠‡∏á‡∏™‡∏∞‡∏≠‡∏≤‡∏î ‡∏û‡∏ô‡∏±‡∏Å‡∏á‡∏≤‡∏ô‡∏≠‡∏±‡∏ò‡∏¢‡∏≤‡∏®‡∏±‡∏¢‡∏î‡∏µ‡∏°‡∏≤‡∏Å,10.0
79,79,‡∏ó‡∏≥‡πÄ‡∏•‡∏™‡∏∞‡∏î‡∏ß‡∏Å ‡πÉ‡∏Å‡∏•‡πâ‡∏ö‡∏µ‡∏ó‡∏µ‡πÄ‡∏≠‡∏™‡∏£‡∏≤‡∏ä‡πÄ‡∏ó‡∏ß‡∏µ ‡∏´‡πâ‡∏≠‡∏á‡∏û‡∏±‡∏Å‡∏™‡∏∞‡∏≠‡∏≤‡∏î ‡∏£‡∏≤‡∏Ñ‡∏≤‡πÑ‡∏°‡πà‡πÅ‡∏û‡∏á,10.0
